Bulbasaur,,,,,,,,,,,,,,,,,,,,,,,,,,,,,Fushigidaneフシギダネ,,88.1,1,65,65,45,grass,poison,6.9,1,0
Ivysaur,,,,,,,,,,,,,,,,,,,,,,,,,,,,,Fushigisouフシギソウ,,88.1,2,80,80,60,grass,poison,13,1,0
Venusaur,,,,,,,,,,,,,,,,,,,,,,,,,,,,,Fushigibanaフシギバナ,,88.1,3,122,120,80,grass,poison,100,1,0
Charmander,,,,,,,,,,,,,,,,,,,,,,,,,,,,,Hitokageヒトカゲ,,88.1,4,60,50,65,fire,,8.5,1,0
Charmeleon,,,,,,,,,,,,,,,,,,,,,,,,,,,,,Lizardoリザード,,88.1,5,80,65,80,fire,,19,1,0
Charizard,,,,,,,,,,,,,,,,,,,,,,,,,,,,,Lizardonリザードン,,88.1,6,159,115,100,fire,flying,90.5,1,0
Squirtle,,,,,,,,,,,,,,,,,,,,,,,,,,,,,Zenigameゼニガメ,,88.1,7,50,64,43,water,,9,1,0
Wartortle,,,,,,,,,,,,,,,,,,,,,,,,,,,,,Kameilカメール,,88.1,8,65,80,58,water,,22.5,1,0
Blastoise,,,,,,,,,,,,,,,,,,,,,,,,,,,,,Kamexカメックス,,88.1,9,135,115,78,water,,85.5,1,0
Caterpie,,,,,,,,,,,,,,,,,,,,,,,,,,,,,Caterpieキャタピー,,50,10,20,20,45,bug,,2.9,1,0
Metapod,,,,,,,,,,,,,,,,,,,,,,,,,,,,,Transelトランセル,,50,11,25,25,30,bug,,9.9,1,0
Butterfree,,,,,,,,,,,,,,,,,,,,,,,,,,,,,Butterfreeバタフリー,,50,12,90,80,70,bug,flying,32,1,0
Weedle,,,,,,,,,,,,,,,,,,,,,,,,,,,,,Beedleビードル,,50,13,20,20,50,bug,poison,3.2,1,0
Kakuna,,,,,,,,,,,,,,,,,,,,,,,,,,,,,Cocoonコクーン,,50,14,25,25,35,bug,poison,10,1,0
Beedrill,,,,,,,,,,,,,,,,,,,,,,,,,,,,,Spearスピアー,,50,15,15,80,145,bug,poison,29.5,1,0
Pidgey,,,,,,,,,,,,,,,,,,,,,,,,,,,,,Poppoポッポ,,50,16,35,35,56,normal,flying,1.8,1,0
Pidgeotto,,,,,,,,,,,,,,,,,,,,,,,,,,,,,Pigeonピジョン,,50,17,50,50,71,normal,flying,30,1,0
Pidgeot,,,,,,,,,,,,,,,,,,,,,,,,,,,,,Pigeotピジョット,,50,18,135,80,121,normal,flying,39.5,1,0
Rattata,,,,,,,,,,,,,,,,,,,,,,,,,,,,,Korattaコラッタ,,50,19,25,35,72,normal,dark,,1,0
Raticate,,,,,,,,,,,,,,,,,,,,,,,,,,,,,Rattaラッタ,,50,20,40,80,77,normal,dark,,1,0
Spearow,,,,,,,,,,,,,,,,,,,,,,,,,,,,,Onisuzumeオニスズメ,,50,21,31,31,70,normal,flying,2,1,0
Fearow,,,,,,,,,,,,,,,,,,,,,,,,,,,,,Onidrillオニドリル,,50,22,61,61,100,normal,flying,38,1,0
Ekans,,,,,,,,,,,,,,,,,,,,,,,,,,,,,Arboアーボ,,50,23,40,54,55,poison,,6.9,1,0
Arbok,,,,,,,,,,,,,,,,,,,,,,,,,,,,,Arbokアーボック,,50,24,65,79,80,poison,,65,1,0
Pikachu,,,,,,,,,,,,,,,,,,,,,,,,,,,,,Pikachuピカチュウ,,50,25,50,50,90,electric,,6,1,0
Raichu,,,,,,,,,,,,,,,,,,,,,,,,,,,,,Raichuライチュウ,,50,26,95,85,110,electric,electric,,1,0
Sandshrew,,,,,,,,,,,,,,,,,,,,,,,,,,,,,Sandサンド,,50,27,10,35,40,ground,ice,,1,0
Sandslash,,,,,,,,,,,,,,,,,,,,,,,,,,,,,Sandpanサンドパン,,50,28,25,65,65,ground,ice,,1,0
Nidoran♀,,,,,,,,,,,,,,,,,,,,,,,,,,,,,Nidoran?ニドラン♀,,0,29,40,40,41,poison,,7,1,0
Nidorina,,,,,,,,,,,,,,,,,,,,,,,,,,,,,Nidorinaニドリーナ,,0,30,55,55,56,poison,,20,1,0
Nidoqueen,,,,,,,,,,,,,,,,,,,,,,,,,,,,,Nidoqueenニドクイン,,0,31,75,85,76,poison,ground,60,1,0
Nidoran♂,,,,,,,,,,,,,,,,,,,,,,,,,,,,,Nidoran?ニドラン♂,,100,32,40,40,50,poison,,9,1,0
Nidorino,,,,,,,,,,,,,,,,,,,,,,,,,,,,,Nidorinoニドリーノ,,100,33,55,55,65,poison,,19.5,1,0
Nidoking,,,,,,,,,,,,,,,,,,,,,,,,,,,,,Nidokingニドキング,,100,34,85,75,85,poison,ground,62,1,0
Clefairy,,,,,,,,,,,,,,,,,,,,,,,,,,,,,Pippiピッピ,,24.6,35,60,65,35,fairy,,7.5,1,0
Clefable,,,,,,,,,,,,,,,,,,,,,,,,,,,,,Pixyピクシー,,24.6,36,95,90,60,fairy,,40,1,0
Vulpix,,,,,,,,,,,,,,,,,,,,,,,,,,,,,Rokonロコン,,24.6,37,50,65,65,fire,ice,,1,0
Ninetales,,,,,,,,,,,,,,,,,,,,,,,,,,,,,Kyukonキュウコン,,24.6,38,81,100,109,fire,ice,,1,0
Jigglypuff,,,,,,,,,,,,,,,,,,,,,,,,,,,,,Purinプリン,,24.6,39,45,25,20,normal,fairy,5.5,1,0
Wigglytuff,,,,,,,,,,,,,,,,,,,,,,,,,,,,,Pukurinプクリン,,24.6,40,85,50,45,normal,fairy,12,1,0
Zubat,,,,,,,,,,,,,,,,,,,,,,,,,,,,,Zubatズバット,,50,41,30,40,55,poison,flying,7.5,1,0
Golbat,,,,,,,,,,,,,,,,,,,,,,,,,,,,,Golbatゴルバット,,50,42,65,75,90,poison,flying,55,1,0
Oddish,,,,,,,,,,,,,,,,,,,,,,,,,,,,,Nazonokusaナゾノクサ,,50,43,75,65,30,grass,poison,5.4,1,0
Gloom,,,,,,,,,,,,,,,,,,,,,,,,,,,,,Kusaihanaクサイハナ,,50,44,85,75,40,grass,poison,8.6,1,0
Vileplume,,,,,,,,,,,,,,,,,,,,,,,,,,,,,Ruffresiaラフレシア,,50,45,110,90,50,grass,poison,18.6,1,0
Paras,,,,,,,,,,,,,,,,,,,,,,,,,,,,,Parasパラス,,50,46,45,55,25,bug,grass,5.4,1,0
Parasect,,,,,,,,,,,,,,,,,,,,,,,,,,,,,Parasectパラセクト,,50,47,60,80,30,bug,grass,29.5,1,0
Venonat,,,,,,,,,,,,,,,,,,,,,,,,,,,,,Kongpangコンパン,,50,48,40,55,45,bug,poison,30,1,0
Venomoth,,,,,,,,,,,,,,,,,,,,,,,,,,,,,Morphonモルフォン,,50,49,90,75,90,bug,poison,12.5,1,0
Diglett,,,,,,,,,,,,,,,,,,,,,,,,,,,,,Digdaディグダ,,50,50,35,45,90,ground,ground,,1,0
Dugtrio,,,,,,,,,,,,,,,,,,,,,,,,,,,,,Dugtrioダグトリオ,,50,51,50,70,110,ground,ground,,1,0
Meowth,,,,,,,,,,,,,,,,,,,,,,,,,,,,,Nyarthニャース,,50,52,50,40,90,normal,dark,,1,0
Persian,,,,,,,,,,,,,,,,,,,,,,,,,,,,,Persianペルシアン,,50,53,75,65,115,normal,dark,,1,0
Psyduck,,,,,,,,,,,,,,,,,,,,,,,,,,,,,Koduckコダック,,50,54,65,50,55,water,,19.6,1,0
Golduck,,,,,,,,,,,,,,,,,,,,,,,,,,,,,Golduckゴルダック,,50,55,95,80,85,water,,76.6,1,0
Mankey,,,,,,,,,,,,,,,,,,,,,,,,,,,,,Mankeyマンキー,,50,56,35,45,70,fighting,,28,1,0
Primeape,,,,,,,,,,,,,,,,,,,,,,,,,,,,,Okorizaruオコリザル,,50,57,60,70,95,fighting,,32,1,0
Growlithe,,,,,,,,,,,,,,,,,,,,,,,,,,,,,Gardieガーディ,,75.4,58,70,50,60,fire,,19,1,0
Arcanine,,,,,,,,,,,,,,,,,,,,,,,,,,,,,Windieウインディ,,75.4,59,100,80,95,fire,,155,1,0
Poliwag,,,,,,,,,,,,,,,,,,,,,,,,,,,,,Nyoromoニョロモ,,50,60,40,40,90,water,,12.4,1,0
Poliwhirl,,,,,,,,,,,,,,,,,,,,,,,,,,,,,Nyorozoニョロゾ,,50,61,50,50,90,water,,20,1,0
Poliwrath,,,,,,,,,,,,,,,,,,,,,,,,,,,,,Nyorobonニョロボン,,50,62,70,90,70,water,fighting,54,1,0
Abra,,,,,,,,,,,,,,,,,,,,,,,,,,,,,Caseyケーシィ,,75.4,63,105,55,90,psychic,,19.5,1,0
Kadabra,,,,,,,,,,,,,,,,,,,,,,,,,,,,,Yungererユンゲラー,,75.4,64,120,70,105,psychic,,56.5,1,0
Alakazam,,,,,,,,,,,,,,,,,,,,,,,,,,,,,Foodinフーディン,,75.4,65,175,105,150,psychic,,48,1,0
Machop,,,,,,,,,,,,,,,,,,,,,,,,,,,,,Wanrikyワンリキー,,75.4,66,35,35,35,fighting,,19.5,1,0
Machoke,,,,,,,,,,,,,,,,,,,,,,,,,,,,,Gorikyゴーリキー,,75.4,67,50,60,45,fighting,,70.5,1,0
Machamp,,,,,,,,,,,,,,,,,,,,,,,,,,,,,Kairikyカイリキー,,75.4,68,65,85,55,fighting,,130,1,0
Bellsprout,,,,,,,,,,,,,,,,,,,,,,,,,,,,,Madatsubomiマダツボミ,,50,69,70,30,40,grass,poison,4,1,0
Weepinbell,,,,,,,,,,,,,,,,,,,,,,,,,,,,,Utsudonウツドン,,50,70,85,45,55,grass,poison,6.4,1,0
Victreebel,,,,,,,,,,,,,,,,,,,,,,,,,,,,,Utsubotウツボット,,50,71,100,70,70,grass,poison,15.5,1,0
Tentacool,,,,,,,,,,,,,,,,,,,,,,,,,,,,,Menokurageメノクラゲ,,50,72,50,100,70,water,poison,45.5,1,0
Tentacruel,,,,,,,,,,,,,,,,,,,,,,,,,,,,,Dokukurageドククラゲ,,50,73,80,120,100,water,poison,55,1,0
Geodude,,,,,,,,,,,,,,,,,,,,,,,,,,,,,Isitsubuteイシツブテ,,50,74,30,30,20,rock,ground,,1,0
Graveler,,,,,,,,,,,,,,,,,,,,,,,,,,,,,Goloneゴローン,,50,75,45,45,35,rock,ground,,1,0
Golem,,,,,,,,,,,,,,,,,,,,,,,,,,,,,Golonyaゴローニャ,,50,76,55,65,45,rock,ground,,1,0
Ponyta,,,,,,,,,,,,,,,,,,,,,,,,,,,,,Ponytaポニータ,,50,77,65,65,90,fire,,30,1,0
Rapidash,,,,,,,,,,,,,,,,,,,,,,,,,,,,,Gallopギャロップ,,50,78,80,80,105,fire,,95,1,0
Slowpoke,,,,,,,,,,,,,,,,,,,,,,,,,,,,,Yadonヤドン,,50,79,40,40,15,water,psychic,36,1,0
Slowbro,,,,,,,,,,,,,,,,,,,,,,,,,,,,,Yadoranヤドラン,,50,80,130,80,30,water,psychic,78.5,1,0
Magnemite,,,,,,,,,,,,,,,,,,,,,,,,,,,,,Coilコイル,,,81,95,55,45,electric,steel,6,1,0
Magneton,,,,,,,,,,,,,,,,,,,,,,,,,,,,,Rarecoilレアコイル,,,82,120,70,70,electric,steel,60,1,0
Farfetch'd,,,,,,,,,,,,,,,,,,,,,,,,,,,,,Kamonegiカモネギ,,50,83,58,62,60,normal,flying,15,1,0
Doduo,,,,,,,,,,,,,,,,,,,,,,,,,,,,,Dodoドードー,,50,84,35,35,75,normal,flying,39.2,1,0
Dodrio,,,,,,,,,,,,,,,,,,,,,,,,,,,,,Dodorioドードリオ,,50,85,60,60,110,normal,flying,85.2,1,0
Seel,,,,,,,,,,,,,,,,,,,,,,,,,,,,,Pawouパウワウ,,50,86,45,70,45,water,,90,1,0
Dewgong,,,,,,,,,,,,,,,,,,,,,,,,,,,,,Jugonジュゴン,,50,87,70,95,70,water,ice,120,1,0
Grimer,,,,,,,,,,,,,,,,,,,,,,,,,,,,,Betbeterベトベター,,50,88,40,50,25,poison,poison,,1,0
Muk,,,,,,,,,,,,,,,,,,,,,,,,,,,,,Betbetonベトベトン,,50,89,65,100,50,poison,poison,,1,0
Shellder,,,,,,,,,,,,,,,,,,,,,,,,,,,,,Shellderシェルダー,,50,90,45,25,40,water,,4,1,0
Cloyster,,,,,,,,,,,,,,,,,,,,,,,,,,,,,Parshenパルシェン,,50,91,85,45,70,water,ice,132.5,1,0
Gastly,,,,,,,,,,,,,,,,,,,,,,,,,,,,,Ghosゴース,,50,92,100,35,80,ghost,poison,0.1,1,0
Haunter,,,,,,,,,,,,,,,,,,,,,,,,,,,,,Ghostゴースト,,50,93,115,55,95,ghost,poison,0.1,1,0
Gengar,,,,,,,,,,,,,,,,,,,,,,,,,,,,,Gangarゲンガー,,50,94,170,95,130,ghost,poison,40.5,1,0
Onix,,,,,,,,,,,,,,,,,,,,,,,,,,,,,Iwarkイワーク,,50,95,30,45,70,rock,ground,210,1,0
Drowzee,,,,,,,,,,,,,,,,,,,,,,,,,,,,,Sleepeスリープ,,50,96,43,90,42,psychic,,32.4,1,0
Hypno,,,,,,,,,,,,,,,,,,,,,,,,,,,,,Sleeperスリーパー,,50,97,73,115,67,psychic,,75.6,1,0
Krabby,,,,,,,,,,,,,,,,,,,,,,,,,,,,,Crabクラブ,,50,98,25,25,50,water,,6.5,1,0
Kingler,,,,,,,,,,,,,,,,,,,,,,,,,,,,,Kinglerキングラー,,50,99,50,50,75,water,,60,1,0
Voltorb,,,,,,,,,,,,,,,,,,,,,,,,,,,,,Biriridamaビリリダマ,,,100,55,55,100,electric,,10.4,1,0
Electrode,,,,,,,,,,,,,,,,,,,,,,,,,,,,,Marumineマルマイン,,,101,80,80,150,electric,,66.6,1,0
Exeggcute,,,,,,,,,,,,,,,,,,,,,,,,,,,,,Tamatamaタマタマ,,50,102,60,45,40,grass,psychic,2.5,1,0
Exeggutor,,,,,,,,,,,,,,,,,,,,,,,,,,,,,Nassyナッシー,,50,103,125,75,45,grass,psychic,,1,0
Cubone,,,,,,,,,,,,,,,,,,,,,,,,,,,,,Karakaraカラカラ,,50,104,40,50,35,ground,,6.5,1,0
Marowak,,,,,,,,,,,,,,,,,,,,,,,,,,,,,Garagaraガラガラ,,50,105,50,80,45,ground,fire,,1,0
Hitmonlee,,,,,,,,,,,,,,,,,,,,,,,,,,,,,Sawamularサワムラー,,100,106,35,110,87,fighting,,49.8,1,0
Hitmonchan,,,,,,,,,,,,,,,,,,,,,,,,,,,,,Ebiwalarエビワラー,,100,107,35,110,76,fighting,,50.2,1,0
Lickitung,,,,,,,,,,,,,,,,,,,,,,,,,,,,,Beroringaベロリンガ,,50,108,60,75,30,normal,,65.5,1,0
Koffing,,,,,,,,,,,,,,,,,,,,,,,,,,,,,Dogarsドガース,,50,109,60,45,35,poison,,1,1,0
Weezing,,,,,,,,,,,,,,,,,,,,,,,,,,,,,Matadogasマタドガス,,50,110,85,70,60,poison,,9.5,1,0
Rhyhorn,,,,,,,,,,,,,,,,,,,,,,,,,,,,,Sihornサイホーン,,50,111,30,30,25,ground,rock,115,1,0
Rhydon,,,,,,,,,,,,,,,,,,,,,,,,,,,,,Sidonサイドン,,50,112,45,45,40,ground,rock,120,1,0
Chansey,,,,,,,,,,,,,,,,,,,,,,,,,,,,,Luckyラッキー,,0,113,35,105,50,normal,,34.6,1,0
Tangela,,,,,,,,,,,,,,,,,,,,,,,,,,,,,Monjaraモンジャラ,,50,114,100,40,60,grass,,35,1,0
Kangaskhan,,,,,,,,,,,,,,,,,,,,,,,,,,,,,Garuraガルーラ,,0,115,60,100,100,normal,,80,1,0
Horsea,,,,,,,,,,,,,,,,,,,,,,,,,,,,,Tattuタッツー,,50,116,70,25,60,water,,8,1,0
Seadra,,,,,,,,,,,,,,,,,,,,,,,,,,,,,Seadraシードラ,,50,117,95,45,85,water,,25,1,0
Goldeen,,,,,,,,,,,,,,,,,,,,,,,,,,,,,Tosakintoトサキント,,50,118,35,50,63,water,,15,1,0
Seaking,,,,,,,,,,,,,,,,,,,,,,,,,,,,,Azumaoアズマオウ,,50,119,65,80,68,water,,39,1,0
Staryu,,,,,,,,,,,,,,,,,,,,,,,,,,,,,Hitodemanヒトデマン,,,120,70,55,85,water,,34.5,1,0
Starmie,,,,,,,,,,,,,,,,,,,,,,,,,,,,,Starmieスターミー,,,121,100,85,115,water,psychic,80,1,0
Mr. Mime,,,,,,,,,,,,,,,,,,,,,,,,,,,,,Barrierdバリヤード,,50,122,100,120,90,psychic,fairy,54.5,1,0
Scyther,,,,,,,,,,,,,,,,,,,,,,,,,,,,,Strikeストライク,,50,123,55,80,105,bug,flying,56,1,0
Jynx,,,,,,,,,,,,,,,,,,,,,,,,,,,,,Rougelaルージュラ,,0,124,115,95,95,ice,psychic,40.6,1,0
Electabuzz,,,,,,,,,,,,,,,,,,,,,,,,,,,,,Elebooエレブー,,75.4,125,95,85,105,electric,,30,1,0
Magmar,,,,,,,,,,,,,,,,,,,,,,,,,,,,,Booberブーバー,,75.4,126,100,85,93,fire,,44.5,1,0
Pinsir,,,,,,,,,,,,,,,,,,,,,,,,,,,,,Kailiosカイロス,,50,127,65,90,105,bug,,55,1,0
Tauros,,,,,,,,,,,,,,,,,,,,,,,,,,,,,Kentaurosケンタロス,,100,128,40,70,110,normal,,88.4,1,0
Magikarp,,,,,,,,,,,,,,,,,,,,,,,,,,,,,Koikingコイキング,,50,129,15,20,80,water,,10,1,0
Gyarados,,,,,,,,,,,,,,,,,,,,,,,,,,,,,Gyaradosギャラドス,,50,130,70,130,81,water,flying,235,1,0
Lapras,,,,,,,,,,,,,,,,,,,,,,,,,,,,,Laplaceラプラス,,50,131,85,95,60,water,ice,220,1,0
Ditto,,,,,,,,,,,,,,,,,,,,,,,,,,,,,Metamonメタモン,,,132,48,48,48,normal,,4,1,0
Eevee,,,,,,,,,,,,,,,,,,,,,,,,,,,,,Eievuiイーブイ,,88.1,133,45,65,55,normal,,6.5,1,0
Vaporeon,,,,,,,,,,,,,,,,,,,,,,,,,,,,,Showersシャワーズ,,88.1,134,110,95,65,water,,29,1,0
Jolteon,,,,,,,,,,,,,,,,,,,,,,,,,,,,,Thundersサンダース,,88.1,135,110,95,130,electric,,24.5,1,0
Flareon,,,,,,,,,,,,,,,,,,,,,,,,,,,,,Boosterブースター,,88.1,136,95,110,65,fire,,25,1,0
Porygon,,,,,,,,,,,,,,,,,,,,,,,,,,,,,Porygonポリゴン,,,137,85,75,40,normal,,36.5,1,0
Omanyte,,,,,,,,,,,,,,,,,,,,,,,,,,,,,Omniteオムナイト,,88.1,138,90,55,35,rock,water,7.5,1,0
Omastar,,,,,,,,,,,,,,,,,,,,,,,,,,,,,Omstarオムスター,,88.1,139,115,70,55,rock,water,35,1,0
Kabuto,,,,,,,,,,,,,,,,,,,,,,,,,,,,,Kabutoカブト,,88.1,140,55,45,55,rock,water,11.5,1,0
Kabutops,,,,,,,,,,,,,,,,,,,,,,,,,,,,,Kabutopsカブトプス,,88.1,141,65,70,80,rock,water,40.5,1,0
Aerodactyl,,,,,,,,,,,,,,,,,,,,,,,,,,,,,Pteraプテラ,,88.1,142,70,95,150,rock,flying,59,1,0
Snorlax,,,,,,,,,,,,,,,,,,,,,,,,,,,,,Kabigonカビゴン,,88.1,143,65,110,30,normal,,460,1,0
Articuno,,,,,,,,,,,,,,,,,,,,,,,,,,,,,Freezerフリーザー,,,144,95,125,85,ice,flying,55.4,1,1
Zapdos,,,,,,,,,,,,,,,,,,,,,,,,,,,,,Thunderサンダー,,,145,125,90,100,electric,flying,52.6,1,1
Moltres,,,,,,,,,,,,,,,,,,,,,,,,,,,,,Fireファイヤー,,,146,125,85,90,fire,flying,60,1,1
Dratini,,,,,,,,,,,,,,,,,,,,,,,,,,,,,Miniryuミニリュウ,,50,147,50,50,50,dragon,,3.3,1,0
Dragonair,,,,,,,,,,,,,,,,,,,,,,,,,,,,,Hakuryuハクリュー,,50,148,70,70,70,dragon,,16.5,1,0
Dragonite,,,,,,,,,,,,,,,,,,,,,,,,,,,,,Kairyuカイリュー,,50,149,100,100,80,dragon,flying,210,1,0
Mewtwo,,,,,,,,,,,,,,,,,,,,,,,,,,,,,Mewtwoミュウツー,,,150,194,120,140,psychic,,122,1,1
Mew,,,,,,,,,,,,,,,,,,,,,,,,,,,,,Mewミュウ,,,151,100,100,100,psychic,,4,1,1
Chikorita,,,,,,,,,,,,,,,,,,,,,,,,,,,,,Chicoritaチコリータ,,88.1,152,49,65,45,grass,,6.4,2,0
Bayleef,,,,,,,,,,,,,,,,,,,,,,,,,,,,,Bayleafベイリーフ,,88.1,153,63,80,60,grass,,15.8,2,0
Meganium,,,,,,,,,,,,,,,,,,,,,,,,,,,,,Meganiumメガニウム,,88.1,154,83,100,80,grass,,100.5,2,0
Cyndaquil,,,,,,,,,,,,,,,,,,,,,,,,,,,,,Hinoarashiヒノアラシ,,88.1,155,60,50,65,fire,,7.9,2,0
Quilava,,,,,,,,,,,,,,,,,,,,,,,,,,,,,Magmarashiマグマラシ,,88.1,156,80,65,80,fire,,19,2,0
Typhlosion,,,,,,,,,,,,,,,,,,,,,,,,,,,,,Bakphoonバクフーン,,88.1,157,109,85,100,fire,,79.5,2,0
Totodile,,,,,,,,,,,,,,,,,,,,,,,,,,,,,Waninokoワニノコ,,88.1,158,44,48,43,water,,9.5,2,0
Croconaw,,,,,,,,,,,,,,,,,,,,,,,,,,,,,Alligatesアリゲイツ,,88.1,159,59,63,58,water,,25,2,0
Feraligatr,,,,,,,,,,,,,,,,,,,,,,,,,,,,,Ordileオーダイル,,88.1,160,79,83,78,water,,88.8,2,0
Sentret,,,,,,,,,,,,,,,,,,,,,,,,,,,,,Otachiオタチ,,50,161,35,45,20,normal,,6,2,0
Furret,,,,,,,,,,,,,,,,,,,,,,,,,,,,,Ootachiオオタチ,,50,162,45,55,90,normal,,32.5,2,0
Hoothoot,,,,,,,,,,,,,,,,,,,,,,,,,,,,,Hohoホーホー,,50,163,36,56,50,normal,flying,21.2,2,0
Noctowl,,,,,,,,,,,,,,,,,,,,,,,,,,,,,Yorunozukuヨルノズク,,50,164,86,96,70,normal,flying,40.8,2,0
Ledyba,,,,,,,,,,,,,,,,,,,,,,,,,,,,,Redibaレディバ,,50,165,40,80,55,bug,flying,10.8,2,0
Ledian,,,,,,,,,,,,,,,,,,,,,,,,,,,,,Redianレディアン,,50,166,55,110,85,bug,flying,35.6,2,0
Spinarak,,,,,,,,,,,,,,,,,,,,,,,,,,,,,Itomaruイトマル,,50,167,40,40,30,bug,poison,8.5,2,0
Ariados,,,,,,,,,,,,,,,,,,,,,,,,,,,,,Ariadosアリアドス,,50,168,60,70,40,bug,poison,33.5,2,0
Crobat,,,,,,,,,,,,,,,,,,,,,,,,,,,,,Crobatクロバット,,50,169,70,80,130,poison,flying,75,2,0
Chinchou,,,,,,,,,,,,,,,,,,,,,,,,,,,,,Chonchieチョンチー,,50,170,56,56,67,water,electric,12,2,0
Lanturn,,,,,,,,,,,,,,,,,,,,,,,,,,,,,Lanternランターン,,50,171,76,76,67,water,electric,22.5,2,0
Pichu,,,,,,,,,,,,,,,,,,,,,,,,,,,,,Pichuピチュー,,50,172,35,35,60,electric,,2,2,0
Cleffa,,,,,,,,,,,,,,,,,,,,,,,,,,,,,Pyピィ,,24.6,173,45,55,15,fairy,,3,2,0
Igglybuff,,,,,,,,,,,,,,,,,,,,,,,,,,,,,Pupurinププリン,,24.6,174,40,20,15,normal,fairy,1,2,0
Togepi,,,,,,,,,,,,,,,,,,,,,,,,,,,,,Togepyトゲピー,,88.1,175,40,65,20,fairy,,1.5,2,0
Togetic,,,,,,,,,,,,,,,,,,,,,,,,,,,,,Togechickトゲチック,,88.1,176,80,105,40,fairy,flying,3.2,2,0
Natu,,,,,,,,,,,,,,,,,,,,,,,,,,,,,Natyネイティ,,50,177,70,45,70,psychic,flying,2,2,0
Xatu,,,,,,,,,,,,,,,,,,,,,,,,,,,,,Natioネイティオ,,50,178,95,70,95,psychic,flying,15,2,0
Mareep,,,,,,,,,,,,,,,,,,,,,,,,,,,,,Merriepメリープ,,50,179,65,45,35,electric,,7.8,2,0
Flaaffy,,,,,,,,,,,,,,,,,,,,,,,,,,,,,Mokokoモココ,,50,180,80,60,45,electric,,13.3,2,0
Ampharos,,,,,,,,,,,,,,,,,,,,,,,,,,,,,Denryuデンリュウ,,50,181,165,110,45,electric,,61.5,2,0
Bellossom,,,,,,,,,,,,,,,,,,,,,,,,,,,,,Kireihanaキレイハナ,,50,182,90,100,50,grass,,5.8,2,0
Marill,,,,,,,,,,,,,,,,,,,,,,,,,,,,,Marilマリル,,50,183,20,50,40,water,fairy,8.5,2,0
Azumarill,,,,,,,,,,,,,,,,,,,,,,,,,,,,,Marilliマリルリ,,50,184,60,80,50,water,fairy,28.5,2,0
Sudowoodo,,,,,,,,,,,,,,,,,,,,,,,,,,,,,Usokkieウソッキー,,50,185,30,65,30,rock,,38,2,0
Politoed,,,,,,,,,,,,,,,,,,,,,,,,,,,,,Nyorotonoニョロトノ,,50,186,90,100,70,water,,33.9,2,0
Hoppip,,,,,,,,,,,,,,,,,,,,,,,,,,,,,Haneccoハネッコ,,50,187,35,55,50,grass,flying,0.5,2,0
Skiploom,,,,,,,,,,,,,,,,,,,,,,,,,,,,,Popoccoポポッコ,,50,188,45,65,80,grass,flying,1,2,0
Jumpluff,,,,,,,,,,,,,,,,,,,,,,,,,,,,,Wataccoワタッコ,,50,189,55,95,110,grass,flying,3,2,0
Aipom,,,,,,,,,,,,,,,,,,,,,,,,,,,,,Eipamエイパム,,50,190,40,55,85,normal,,11.5,2,0
Sunkern,,,,,,,,,,,,,,,,,,,,,,,,,,,,,Himanutsヒマナッツ,,50,191,30,30,30,grass,,1.8,2,0
Sunflora,,,,,,,,,,,,,,,,,,,,,,,,,,,,,Kimawariキマワリ,,50,192,105,85,30,grass,,8.5,2,0
Yanma,,,,,,,,,,,,,,,,,,,,,,,,,,,,,Yanyanmaヤンヤンマ,,50,193,75,45,95,bug,flying,38,2,0
Wooper,,,,,,,,,,,,,,,,,,,,,,,,,,,,,Upahウパー,,50,194,25,25,15,water,ground,8.5,2,0
Quagsire,,,,,,,,,,,,,,,,,,,,,,,,,,,,,Nuohヌオー,,50,195,65,65,35,water,ground,75,2,0
Espeon,,,,,,,,,,,,,,,,,,,,,,,,,,,,,Eifieエーフィ,,88.1,196,130,95,110,psychic,,26.5,2,0
Umbreon,,,,,,,,,,,,,,,,,,,,,,,,,,,,,Blackyブラッキー,,88.1,197,60,130,65,dark,,27,2,0
Murkrow,,,,,,,,,,,,,,,,,,,,,,,,,,,,,Yamikarasuヤミカラス,,50,198,85,42,91,dark,flying,2.1,2,0
Slowking,,,,,,,,,,,,,,,,,,,,,,,,,,,,,Yadokingヤドキング,,50,199,100,110,30,water,psychic,79.5,2,0
Misdreavus,,,,,,,,,,,,,,,,,,,,,,,,,,,,,Mumaムウマ,,50,200,85,85,85,ghost,,1,2,0
Unown,,,,,,,,,,,,,,,,,,,,,,,,,,,,,Unknownアンノーン,,,201,72,48,48,psychic,,5,2,0
Wobbuffet,,,,,,,,,,,,,,,,,,,,,,,,,,,,,Sonansソーナンス,,50,202,33,58,33,psychic,,28.5,2,0
Girafarig,,,,,,,,,,,,,,,,,,,,,,,,,,,,,Kirinrikiキリンリキ,,50,203,90,65,85,normal,psychic,41.5,2,0
Pineco,,,,,,,,,,,,,,,,,,,,,,,,,,,,,Kunugidamaクヌギダマ,,50,204,35,35,15,bug,,7.2,2,0
Forretress,,,,,,,,,,,,,,,,,,,,,,,,,,,,,Foretosフォレトス,,50,205,60,60,40,bug,steel,125.8,2,0
Dunsparce,,,,,,,,,,,,,,,,,,,,,,,,,,,,,Nokocchiノコッチ,,50,206,65,65,45,normal,,14,2,0
Gligar,,,,,,,,,,,,,,,,,,,,,,,,,,,,,Gligerグライガー,,50,207,35,65,85,ground,flying,64.8,2,0
Steelix,,,,,,,,,,,,,,,,,,,,,,,,,,,,,Haganeilハガネール,,50,208,55,95,30,steel,ground,400,2,0
Snubbull,,,,,,,,,,,,,,,,,,,,,,,,,,,,,Buluブルー,,24.6,209,40,40,30,fairy,,7.8,2,0
Granbull,,,,,,,,,,,,,,,,,,,,,,,,,,,,,Granbuluグランブル,,24.6,210,60,60,45,fairy,,48.7,2,0
Qwilfish,,,,,,,,,,,,,,,,,,,,,,,,,,,,,Harysenハリーセン,,50,211,55,55,85,water,poison,3.9,2,0
Scizor,,,,,,,,,,,,,,,,,,,,,,,,,,,,,Hassamハッサム,,50,212,65,100,75,bug,steel,118,2,0
Shuckle,,,,,,,,,,,,,,,,,,,,,,,,,,,,,Tsubotsuboツボツボ,,50,213,10,230,5,bug,rock,20.5,2,0
Heracross,,,,,,,,,,,,,,,,,,,,,,,,,,,,,Heracrosヘラクロス,,50,214,40,105,75,bug,fighting,54,2,0
Sneasel,,,,,,,,,,,,,,,,,,,,,,,,,,,,,Nyulaニューラ,,50,215,35,75,115,dark,ice,28,2,0
Teddiursa,,,,,,,,,,,,,,,,,,,,,,,,,,,,,Himegumaヒメグマ,,50,216,50,50,40,normal,,8.8,2,0
Ursaring,,,,,,,,,,,,,,,,,,,,,,,,,,,,,Ringumaリングマ,,50,217,75,75,55,normal,,125.8,2,0
Slugma,,,,,,,,,,,,,,,,,,,,,,,,,,,,,Magmagマグマッグ,,50,218,70,40,20,fire,,35,2,0
Magcargo,,,,,,,,,,,,,,,,,,,,,,,,,,,,,Magcargotマグカルゴ,,50,219,90,80,30,fire,rock,55,2,0
Swinub,,,,,,,,,,,,,,,,,,,,,,,,,,,,,Urimooウリムー,,50,220,30,30,50,ice,ground,6.5,2,0
Piloswine,,,,,,,,,,,,,,,,,,,,,,,,,,,,,Inomooイノムー,,50,221,60,60,50,ice,ground,55.8,2,0
Corsola,,,,,,,,,,,,,,,,,,,,,,,,,,,,,Sunnygoサニーゴ,,24.6,222,65,95,35,water,rock,5,2,0
Remoraid,,,,,,,,,,,,,,,,,,,,,,,,,,,,,Teppouoテッポウオ,,50,223,65,35,65,water,,12,2,0
Octillery,,,,,,,,,,,,,,,,,,,,,,,,,,,,,Okutankオクタン,,50,224,105,75,45,water,,28.5,2,0
Delibird,,,,,,,,,,,,,,,,,,,,,,,,,,,,,Delibirdデリバード,,50,225,65,45,75,ice,flying,16,2,0
Mantine,,,,,,,,,,,,,,,,,,,,,,,,,,,,,Mantainマンタイン,,50,226,80,140,70,water,flying,220,2,0
Skarmory,,,,,,,,,,,,,,,,,,,,,,,,,,,,,Airmdエアームド,,50,227,40,70,70,steel,flying,50.5,2,0
Houndour,,,,,,,,,,,,,,,,,,,,,,,,,,,,,Delvilデルビル,,50,228,80,50,65,dark,fire,10.8,2,0
Houndoom,,,,,,,,,,,,,,,,,,,,,,,,,,,,,Hellgarヘルガー,,50,229,140,90,115,dark,fire,35,2,0
Kingdra,,,,,,,,,,,,,,,,,,,,,,,,,,,,,Kingdraキングドラ,,50,230,95,95,85,water,dragon,152,2,0
Phanpy,,,,,,,,,,,,,,,,,,,,,,,,,,,,,Gomazouゴマゾウ,,50,231,40,40,40,ground,,33.5,2,0
Donphan,,,,,,,,,,,,,,,,,,,,,,,,,,,,,Donfanドンファン,,50,232,60,60,50,ground,,120,2,0
Porygon2,,,,,,,,,,,,,,,,,,,,,,,,,,,,,Porygon2ポリゴン２,,,233,105,95,60,normal,,32.5,2,0
Stantler,,,,,,,,,,,,,,,,,,,,,,,,,,,,,Odoshishiオドシシ,,50,234,85,65,85,normal,,71.2,2,0
Smeargle,,,,,,,,,,,,,,,,,,,,,,,,,,,,,Dobleドーブル,,50,235,20,45,75,normal,,58,2,0
Tyrogue,,,,,,,,,,,,,,,,,,,,,,,,,,,,,Balkieバルキー,,100,236,35,35,35,fighting,,21,2,0
Hitmontop,,,,,,,,,,,,,,,,,,,,,,,,,,,,,Kapoererカポエラー,,100,237,35,110,70,fighting,,48,2,0
Smoochum,,,,,,,,,,,,,,,,,,,,,,,,,,,,,Muchulムチュール,,0,238,85,65,65,ice,psychic,6,2,0
Elekid,,,,,,,,,,,,,,,,,,,,,,,,,,,,,Elekidエレキッド,,75.4,239,65,55,95,electric,,23.5,2,0
Magby,,,,,,,,,,,,,,,,,,,,,,,,,,,,,Bubyブビィ,,75.4,240,70,55,83,fire,,21.4,2,0
Miltank,,,,,,,,,,,,,,,,,,,,,,,,,,,,,Miltankミルタンク,,0,241,40,70,100,normal,,75.5,2,0
Blissey,,,,,,,,,,,,,,,,,,,,,,,,,,,,,Happinasハピナス,,0,242,75,135,55,normal,,46.8,2,0
Raikou,,,,,,,,,,,,,,,,,,,,,,,,,,,,,Raikouライコウ,,,243,115,100,115,electric,,178,2,1
Entei,,,,,,,,,,,,,,,,,,,,,,,,,,,,,Enteiエンテイ,,,244,90,75,100,fire,,198,2,1
Suicune,,,,,,,,,,,,,,,,,,,,,,,,,,,,,Suicuneスイクン,,,245,90,115,85,water,,187,2,1
Larvitar,,,,,,,,,,,,,,,,,,,,,,,,,,,,,Yogirasヨーギラス,,50,246,45,50,41,rock,ground,72,2,0
Pupitar,,,,,,,,,,,,,,,,,,,,,,,,,,,,,Sanagirasサナギラス,,50,247,65,70,51,rock,ground,152,2,0
Tyranitar,,,,,,,,,,,,,,,,,,,,,,,,,,,,,Bangirasバンギラス,,50,248,95,120,71,rock,dark,202,2,0
Lugia,,,,,,,,,,,,,,,,,,,,,,,,,,,,,Lugiaルギア,,,249,90,154,110,psychic,flying,216,2,1
Ho-Oh,,,,,,,,,,,,,,,,,,,,,,,,,,,,,Hououホウオウ,,,250,110,154,90,fire,flying,199,2,1
Celebi,,,,,,,,,,,,,,,,,,,,,,,,,,,,,Celebiセレビィ,,,251,100,100,100,psychic,grass,5,2,1
Treecko,,,,,,,,,,,,,,,,,,,,,,,,,,,,,Kimoriキモリ,,88.1,252,65,55,70,grass,,5,3,0
Grovyle,,,,,,,,,,,,,,,,,,,,,,,,,,,,,Juptileジュプトル,,88.1,253,85,65,95,grass,,21.6,3,0
Sceptile,,,,,,,,,,,,,,,,,,,,,,,,,,,,,Jukainジュカイン,,88.1,254,145,85,145,grass,,52.2,3,0
Torchic,,,,,,,,,,,,,,,,,,,,,,,,,,,,,Achamoアチャモ,,88.1,255,70,50,45,fire,,2.5,3,0
Combusken,,,,,,,,,,,,,,,,,,,,,,,,,,,,,Wakasyamoワカシャモ,,88.1,256,85,60,55,fire,fighting,19.5,3,0
Blaziken,,,,,,,,,,,,,,,,,,,,,,,,,,,,,Bursyamoバシャーモ,,88.1,257,130,80,100,fire,fighting,52,3,0
Mudkip,,,,,,,,,,,,,,,,,,,,,,,,,,,,,Mizugorouミズゴロウ,,88.1,258,50,50,40,water,,7.6,3,0
Marshtomp,,,,,,,,,,,,,,,,,,,,,,,,,,,,,Numacrawヌマクロー,,88.1,259,60,70,50,water,ground,28,3,0
Swampert,,,,,,,,,,,,,,,,,,,,,,,,,,,,,Laglargeラグラージ,,88.1,260,95,110,70,water,ground,81.9,3,0
Poochyena,,,,,,,,,,,,,,,,,,,,,,,,,,,,,Pochienaポチエナ,,50,261,30,30,35,dark,,13.6,3,0
Mightyena,,,,,,,,,,,,,,,,,,,,,,,,,,,,,Graenaグラエナ,,50,262,60,60,70,dark,,37,3,0
Zigzagoon,,,,,,,,,,,,,,,,,,,,,,,,,,,,,Jiguzagumaジグザグマ,,50,263,30,41,60,normal,,17.5,3,0
Linoone,,,,,,,,,,,,,,,,,,,,,,,,,,,,,Massugumaマッスグマ,,50,264,50,61,100,normal,,32.5,3,0
Wurmple,,,,,,,,,,,,,,,,,,,,,,,,,,,,,Kemussoケムッソ,,50,265,20,30,20,bug,,3.6,3,0
Silcoon,,,,,,,,,,,,,,,,,,,,,,,,,,,,,Karasalisカラサリス,,50,266,25,25,15,bug,,10,3,0
Beautifly,,,,,,,,,,,,,,,,,,,,,,,,,,,,,Agehuntアゲハント,,50,267,100,50,65,bug,flying,28.4,3,0
Cascoon,,,,,,,,,,,,,,,,,,,,,,,,,,,,,Mayuldマユルド,,50,268,25,25,15,bug,,11.5,3,0
Dustox,,,,,,,,,,,,,,,,,,,,,,,,,,,,,Dokucaleドクケイル,,50,269,50,90,65,bug,poison,31.6,3,0
Lotad,,,,,,,,,,,,,,,,,,,,,,,,,,,,,Hassbohハスボー,,50,270,40,50,30,water,grass,2.6,3,0
Lombre,,,,,,,,,,,,,,,,,,,,,,,,,,,,,Hasubreroハスブレロ,,50,271,60,70,50,water,grass,32.5,3,0
Ludicolo,,,,,,,,,,,,,,,,,,,,,,,,,,,,,Runpappaルンパッパ,,50,272,90,100,70,water,grass,55,3,0
Seedot,,,,,,,,,,,,,,,,,,,,,,,,,,,,,Tanebohタネボー,,50,273,30,30,30,grass,,4,3,0
Nuzleaf,,,,,,,,,,,,,,,,,,,,,,,,,,,,,Konohanaコノハナ,,50,274,60,40,60,grass,dark,28,3,0
Shiftry,,,,,,,,,,,,,,,,,,,,,,,,,,,,,Dirtengダーテング,,50,275,90,60,80,grass,dark,59.6,3,0
Taillow,,,,,,,,,,,,,,,,,,,,,,,,,,,,,Subameスバメ,,50,276,30,30,85,normal,flying,2.3,3,0
Swellow,,,,,,,,,,,,,,,,,,,,,,,,,,,,,Ohsubameオオスバメ,,50,277,75,50,125,normal,flying,19.8,3,0
Wingull,,,,,,,,,,,,,,,,,,,,,,,,,,,,,Camomeキャモメ,,50,278,55,30,85,water,flying,9.5,3,0
Pelipper,,,,,,,,,,,,,,,,,,,,,,,,,,,,,Pelipperペリッパー,,50,279,95,70,65,water,flying,28,3,0
Ralts,,,,,,,,,,,,,,,,,,,,,,,,,,,,,Raltsラルトス,,50,280,45,35,40,psychic,fairy,6.6,3,0
Kirlia,,,,,,,,,,,,,,,,,,,,,,,,,,,,,Kirliaキルリア,,50,281,65,55,50,psychic,fairy,20.2,3,0
Gardevoir,,,,,,,,,,,,,,,,,,,,,,,,,,,,,Sirnightサーナイト,,50,282,165,135,100,psychic,fairy,48.4,3,0
Surskit,,,,,,,,,,,,,,,,,,,,,,,,,,,,,Ametamaアメタマ,,50,283,50,52,65,bug,water,1.7,3,0
Masquerain,,,,,,,,,,,,,,,,,,,,,,,,,,,,,Amemothアメモース,,50,284,100,82,80,bug,flying,3.6,3,0
Shroomish,,,,,,,,,,,,,,,,,,,,,,,,,,,,,Kinococoキノココ,,50,285,40,60,35,grass,,4.5,3,0
Breloom,,,,,,,,,,,,,,,,,,,,,,,,,,,,,Kinogassaキノガッサ,,50,286,60,60,70,grass,fighting,39.2,3,0
Slakoth,,,,,,,,,,,,,,,,,,,,,,,,,,,,,Namakeroナマケロ,,50,287,35,35,30,normal,,24,3,0
Vigoroth,,,,,,,,,,,,,,,,,,,,,,,,,,,,,Yarukimonoヤルキモノ,,50,288,55,55,90,normal,,46.5,3,0
Slaking,,,,,,,,,,,,,,,,,,,,,,,,,,,,,Kekkingケッキング,,50,289,95,65,100,normal,,130.5,3,0
Nincada,,,,,,,,,,,,,,,,,,,,,,,,,,,,,Tutininツチニン,,50,290,30,30,40,bug,ground,5.5,3,0
Ninjask,,,,,,,,,,,,,,,,,,,,,,,,,,,,,Tekkaninテッカニン,,50,291,50,50,160,bug,flying,12,3,0
Shedinja,,,,,,,,,,,,,,,,,,,,,,,,,,,,,Nukeninヌケニン,,,292,30,30,40,bug,ghost,1.2,3,0
Whismur,,,,,,,,,,,,,,,,,,,,,,,,,,,,,Gonyonyoゴニョニョ,,50,293,51,23,28,normal,,16.3,3,0
Loudred,,,,,,,,,,,,,,,,,,,,,,,,,,,,,Dogohmbドゴーム,,50,294,71,43,48,normal,,40.5,3,0
Exploud,,,,,,,,,,,,,,,,,,,,,,,,,,,,,Bakuongバクオング,,50,295,91,73,68,normal,,84,3,0
Makuhita,,,,,,,,,,,,,,,,,,,,,,,,,,,,,Makunoshitaマクノシタ,,75.4,296,20,30,25,fighting,,86.4,3,0
Hariyama,,,,,,,,,,,,,,,,,,,,,,,,,,,,,Hariteyamaハリテヤマ,,75.4,297,40,60,50,fighting,,253.8,3,0
Azurill,,,,,,,,,,,,,,,,,,,,,,,,,,,,,Ruririルリリ,,24.6,298,20,40,20,normal,fairy,2,3,0
Nosepass,,,,,,,,,,,,,,,,,,,,,,,,,,,,,Nosepassノズパス,,50,299,45,90,30,rock,,97,3,0
Skitty,,,,,,,,,,,,,,,,,,,,,,,,,,,,,Enecoエネコ,,24.6,300,35,35,50,normal,,11,3,0
Delcatty,,,,,,,,,,,,,,,,,,,,,,,,,,,,,Enekororoエネコロロ,,24.6,301,55,55,90,normal,,32.6,3,0
Sableye,,,,,,,,,,,,,,,,,,,,,,,,,,,,,Yamiramiヤミラミ,,50,302,85,115,20,dark,ghost,11,3,0
Mawile,,,,,,,,,,,,,,,,,,,,,,,,,,,,,Kucheatクチート,,50,303,55,95,50,steel,fairy,11.5,3,0
Aron,,,,,,,,,,,,,,,,,,,,,,,,,,,,,Cokodoraココドラ,,50,304,40,40,30,steel,rock,60,3,0
Lairon,,,,,,,,,,,,,,,,,,,,,,,,,,,,,Kodoraコドラ,,50,305,50,50,40,steel,rock,120,3,0
Aggron,,,,,,,,,,,,,,,,,,,,,,,,,,,,,Bossgodoraボスゴドラ,,50,306,60,80,50,steel,rock,360,3,0
Meditite,,,,,,,,,,,,,,,,,,,,,,,,,,,,,Asananアサナン,,50,307,40,55,60,fighting,psychic,11.2,3,0
Medicham,,,,,,,,,,,,,,,,,,,,,,,,,,,,,Charemチャーレム,,50,308,80,85,100,fighting,psychic,31.5,3,0
Electrike,,,,,,,,,,,,,,,,,,,,,,,,,,,,,Rakuraiラクライ,,50,309,65,40,65,electric,,15.2,3,0
Manectric,,,,,,,,,,,,,,,,,,,,,,,,,,,,,Livoltライボルト,,50,310,135,80,135,electric,,40.2,3,0
Plusle,,,,,,,,,,,,,,,,,,,,,,,,,,,,,Prasleプラスル,,50,311,85,75,95,electric,,4.2,3,0
Minun,,,,,,,,,,,,,,,,,,,,,,,,,,,,,Minunマイナン,,50,312,75,85,95,electric,,4.2,3,0
Volbeat,,,,,,,,,,,,,,,,,,,,,,,,,,,,,Barubeatバルビート,,100,313,47,85,85,bug,,17.7,3,0
Illumise,,,,,,,,,,,,,,,,,,,,,,,,,,,,,Illumiseイルミーゼ,,0,314,73,85,85,bug,,17.7,3,0
Roselia,,,,,,,,,,,,,,,,,,,,,,,,,,,,,Roseliaロゼリア,,50,315,100,80,65,grass,poison,2,3,0
Gulpin,,,,,,,,,,,,,,,,,,,,,,,,,,,,,Gokulinゴクリン,,50,316,43,53,40,poison,,10.3,3,0
Swalot,,,,,,,,,,,,,,,,,,,,,,,,,,,,,Marunoomマルノーム,,50,317,73,83,55,poison,,80,3,0
Carvanha,,,,,,,,,,,,,,,,,,,,,,,,,,,,,Kibanhaキバニア,,50,318,65,20,65,water,dark,20.8,3,0
Sharpedo,,,,,,,,,,,,,,,,,,,,,,,,,,,,,Samehaderサメハダー,,50,319,110,65,105,water,dark,88.8,3,0
Wailmer,,,,,,,,,,,,,,,,,,,,,,,,,,,,,Hoerukoホエルコ,,50,320,70,35,60,water,,130,3,0
Wailord,,,,,,,,,,,,,,,,,,,,,,,,,,,,,Whalohホエルオー,,50,321,90,45,60,water,,398,3,0
Numel,,,,,,,,,,,,,,,,,,,,,,,,,,,,,Donmelドンメル,,50,322,65,45,35,fire,ground,24,3,0
Camerupt,,,,,,,,,,,,,,,,,,,,,,,,,,,,,Bakuudaバクーダ,,50,323,145,105,20,fire,ground,220,3,0
Torkoal,,,,,,,,,,,,,,,,,,,,,,,,,,,,,Cotoiseコータス,,50,324,85,70,20,fire,,80.4,3,0
Spoink,,,,,,,,,,,,,,,,,,,,,,,,,,,,,Banebooバネブー,,50,325,70,80,60,psychic,,30.6,3,0
Grumpig,,,,,,,,,,,,,,,,,,,,,,,,,,,,,Boopigブーピッグ,,50,326,90,110,80,psychic,,71.5,3,0
Spinda,,,,,,,,,,,,,,,,,,,,,,,,,,,,,Patcheelパッチール,,50,327,60,60,60,normal,,5,3,0
Trapinch,,,,,,,,,,,,,,,,,,,,,,,,,,,,,Nuckrarナックラー,,50,328,45,45,10,ground,,15,3,0
Vibrava,,,,,,,,,,,,,,,,,,,,,,,,,,,,,Vibravaビブラーバ,,50,329,50,50,70,ground,dragon,15.3,3,0
Flygon,,,,,,,,,,,,,,,,,,,,,,,,,,,,,Flygonフライゴン,,50,330,80,80,100,ground,dragon,82,3,0
Cacnea,,,,,,,,,,,,,,,,,,,,,,,,,,,,,Saboneaサボネア,,50,331,85,40,35,grass,,51.3,3,0
Cacturne,,,,,,,,,,,,,,,,,,,,,,,,,,,,,Noctusノクタス,,50,332,115,60,55,grass,dark,77.4,3,0
Swablu,,,,,,,,,,,,,,,,,,,,,,,,,,,,,Tylttoチルット,,50,333,40,75,50,normal,flying,1.2,3,0
Altaria,,,,,,,,,,,,,,,,,,,,,,,,,,,,,Tyltalisチルタリス,,50,334,110,105,80,dragon,flying,20.6,3,0
Zangoose,,,,,,,,,,,,,,,,,,,,,,,,,,,,,Zangooseザングース,,50,335,60,60,90,normal,,40.3,3,0
Seviper,,,,,,,,,,,,,,,,,,,,,,,,,,,,,Habunakeハブネーク,,50,336,100,60,65,poison,,52.5,3,0
Lunatone,,,,,,,,,,,,,,,,,,,,,,,,,,,,,Lunatoneルナトーン,,,337,95,85,70,rock,psychic,168,3,0
Solrock,,,,,,,,,,,,,,,,,,,,,,,,,,,,,Solrockソルロック,,,338,55,65,70,rock,psychic,154,3,0
Barboach,,,,,,,,,,,,,,,,,,,,,,,,,,,,,Dojoachドジョッチ,,50,339,46,41,60,water,ground,1.9,3,0
Whiscash,,,,,,,,,,,,,,,,,,,,,,,,,,,,,Namazunナマズン,,50,340,76,71,60,water,ground,23.6,3,0
Corphish,,,,,,,,,,,,,,,,,,,,,,,,,,,,,Heiganiヘイガニ,,50,341,50,35,35,water,,11.5,3,0
Crawdaunt,,,,,,,,,,,,,,,,,,,,,,,,,,,,,Shizarigerシザリガー,,50,342,90,55,55,water,dark,32.8,3,0
Baltoy,,,,,,,,,,,,,,,,,,,,,,,,,,,,,Yajilonヤジロン,,,343,40,70,55,ground,psychic,21.5,3,0
Claydol,,,,,,,,,,,,,,,,,,,,,,,,,,,,,Nendollネンドール,,,344,70,120,75,ground,psychic,108,3,0
Lileep,,,,,,,,,,,,,,,,,,,,,,,,,,,,,Lilylaリリーラ,,88.1,345,61,87,23,rock,grass,23.8,3,0
Cradily,,,,,,,,,,,,,,,,,,,,,,,,,,,,,Yuradleユレイドル,,88.1,346,81,107,43,rock,grass,60.4,3,0
Anorith,,,,,,,,,,,,,,,,,,,,,,,,,,,,,Anopthアノプス,,88.1,347,40,50,75,rock,bug,12.5,3,0
Armaldo,,,,,,,,,,,,,,,,,,,,,,,,,,,,,Armaldoアーマルド,,88.1,348,70,80,45,rock,bug,68.2,3,0
Feebas,,,,,,,,,,,,,,,,,,,,,,,,,,,,,Hinbassヒンバス,,50,349,10,55,80,water,,7.4,3,0
Milotic,,,,,,,,,,,,,,,,,,,,,,,,,,,,,Milokarossミロカロス,,50,350,100,125,81,water,,162,3,0
Castform,,,,,,,,,,,,,,,,,,,,,,,,,,,,,Powalenポワルン,,50,351,70,70,70,normal,,0.8,3,0
Kecleon,,,,,,,,,,,,,,,,,,,,,,,,,,,,,Kakureonカクレオン,,50,352,60,120,40,normal,,22,3,0
Shuppet,,,,,,,,,,,,,,,,,,,,,,,,,,,,,Kagebouzuカゲボウズ,,50,353,63,33,45,ghost,,2.3,3,0
Banette,,,,,,,,,,,,,,,,,,,,,,,,,,,,,Juppetaジュペッタ,,50,354,93,83,75,ghost,,12.5,3,0
Duskull,,,,,,,,,,,,,,,,,,,,,,,,,,,,,Yomawaruヨマワル,,50,355,30,90,25,ghost,,15,3,0
Dusclops,,,,,,,,,,,,,,,,,,,,,,,,,,,,,Samayouruサマヨール,,50,356,60,130,25,ghost,,30.6,3,0
Tropius,,,,,,,,,,,,,,,,,,,,,,,,,,,,,Tropiusトロピウス,,50,357,72,87,51,grass,flying,100,3,0
Chimecho,,,,,,,,,,,,,,,,,,,,,,,,,,,,,Chireanチリーン,,50,358,95,90,65,psychic,,1,3,0
Absol,,,,,,,,,,,,,,,,,,,,,,,,,,,,,Absolアブソル,,50,359,115,60,115,dark,,47,3,0
Wynaut,,,,,,,,,,,,,,,,,,,,,,,,,,,,,Sohnanoソーナノ,,50,360,23,48,23,psychic,,14,3,0
Snorunt,,,,,,,,,,,,,,,,,,,,,,,,,,,,,Yukiwarashiユキワラシ,,50,361,50,50,50,ice,,16.8,3,0
Glalie,,,,,,,,,,,,,,,,,,,,,,,,,,,,,Onigohriオニゴーリ,,50,362,120,80,100,ice,,256.5,3,0
Spheal,,,,,,,,,,,,,,,,,,,,,,,,,,,,,Tamazarashiタマザラシ,,50,363,55,50,25,ice,water,39.5,3,0
Sealeo,,,,,,,,,,,,,,,,,,,,,,,,,,,,,Todogglerトドグラー,,50,364,75,70,45,ice,water,87.6,3,0
Walrein,,,,,,,,,,,,,,,,,,,,,,,,,,,,,Todoserugaトドゼルガ,,50,365,95,90,65,ice,water,150.6,3,0
Clamperl,,,,,,,,,,,,,,,,,,,,,,,,,,,,,Pearluluパールル,,50,366,74,55,32,water,,52.5,3,0
Huntail,,,,,,,,,,,,,,,,,,,,,,,,,,,,,Huntailハンテール,,50,367,94,75,52,water,,27,3,0
Gorebyss,,,,,,,,,,,,,,,,,,,,,,,,,,,,,Sakurabyssサクラビス,,50,368,114,75,52,water,,22.6,3,0
Relicanth,,,,,,,,,,,,,,,,,,,,,,,,,,,,,Glanthジーランス,,88.1,369,45,65,55,water,rock,23.4,3,0
Luvdisc,,,,,,,,,,,,,,,,,,,,,,,,,,,,,Lovecusラブカス,,24.6,370,40,65,97,water,,8.7,3,0
Bagon,,,,,,,,,,,,,,,,,,,,,,,,,,,,,Tatsubayタツベイ,,50,371,40,30,50,dragon,,42.1,3,0
Shelgon,,,,,,,,,,,,,,,,,,,,,,,,,,,,,Komoruuコモルー,,50,372,60,50,50,dragon,,110.5,3,0
Salamence,,,,,,,,,,,,,,,,,,,,,,,,,,,,,Bohmanderボーマンダ,,50,373,120,90,120,dragon,flying,102.6,3,0
Beldum,,,,,,,,,,,,,,,,,,,,,,,,,,,,,Dumbberダンバル,,,374,35,60,30,steel,psychic,95.2,3,0
Metang,,,,,,,,,,,,,,,,,,,,,,,,,,,,,Metangメタング,,,375,55,80,50,steel,psychic,202.5,3,0
Metagross,,,,,,,,,,,,,,,,,,,,,,,,,,,,,Metagrossメタグロス,,,376,105,110,110,steel,psychic,550,3,0
Regirock,,,,,,,,,,,,,,,,,,,,,,,,,,,,,Regirockレジロック,,,377,50,100,50,rock,,230,3,1
Regice,,,,,,,,,,,,,,,,,,,,,,,,,,,,,Regiceレジアイス,,,378,100,200,50,ice,,175,3,1
Registeel,,,,,,,,,,,,,,,,,,,,,,,,,,,,,Registeelレジスチル,,,379,75,150,50,steel,,205,3,1
Latias,,,,,,,,,,,,,,,,,,,,,,,,,,,,,Latiasラティアス,,0,380,140,150,110,dragon,psychic,40,3,1
Latios,,,,,,,,,,,,,,,,,,,,,,,,,,,,,Latiosラティオス,,100,381,160,120,110,dragon,psychic,60,3,1
Kyogre,,,,,,,,,,,,,,,,,,,,,,,,,,,,,Kyogreカイオーガ,,,382,180,160,90,water,,352,3,1
Groudon,,,,,,,,,,,,,,,,,,,,,,,,,,,,,Groudonグラードン,,,383,150,90,90,ground,,950,3,1
Rayquaza,,,,,,,,,,,,,,,,,,,,,,,,,,,,,Rayquazaレックウザ,,,384,180,100,115,dragon,flying,206.5,3,1
Jirachi,,,,,,,,,,,,,,,,,,,,,,,,,,,,,Jirachiジラーチ,,,385,100,100,100,steel,psychic,1.1,3,1
Deoxys,,,,,,,,,,,,,,,,,,,,,,,,,,,,,Deoxysデオキシス,,,386,95,90,180,psychic,,60.8,3,1
Turtwig,,,,,,,,,,,,,,,,,,,,,,,,,,,,,Naetleナエトル,,88.1,387,45,55,31,grass,,10.2,4,0
Grotle,,,,,,,,,,,,,,,,,,,,,,,,,,,,,Hayashigameハヤシガメ,,88.1,388,55,65,36,grass,,97,4,0
Torterra,,,,,,,,,,,,,,,,,,,,,,,,,,,,,Dodaitoseドダイトス,,88.1,389,75,85,56,grass,ground,310,4,0
Chimchar,,,,,,,,,,,,,,,,,,,,,,,,,,,,,Hikozaruヒコザル,,88.1,390,58,44,61,fire,,6.2,4,0
Monferno,,,,,,,,,,,,,,,,,,,,,,,,,,,,,Moukazaruモウカザル,,88.1,391,78,52,81,fire,fighting,22,4,0
Infernape,,,,,,,,,,,,,,,,,,,,,,,,,,,,,Goukazaruゴウカザル,,88.1,392,104,71,108,fire,fighting,55,4,0
Piplup,,,,,,,,,,,,,,,,,,,,,,,,,,,,,Pochamaポッチャマ,,88.1,393,61,56,40,water,,5.2,4,0
Prinplup,,,,,,,,,,,,,,,,,,,,,,,,,,,,,Pottaishiポッタイシ,,88.1,394,81,76,50,water,,23,4,0
Empoleon,,,,,,,,,,,,,,,,,,,,,,,,,,,,,Emperteエンペルト,,88.1,395,111,101,60,water,steel,84.5,4,0
Starly,,,,,,,,,,,,,,,,,,,,,,,,,,,,,Mukkuruムックル,,50,396,30,30,60,normal,flying,2,4,0
Staravia,,,,,,,,,,,,,,,,,,,,,,,,,,,,,Mukubirdムクバード,,50,397,40,40,80,normal,flying,15.5,4,0
Staraptor,,,,,,,,,,,,,,,,,,,,,,,,,,,,,Mukuhawkムクホーク,,50,398,50,60,100,normal,flying,24.9,4,0
Bidoof,,,,,,,,,,,,,,,,,,,,,,,,,,,,,Bippaビッパ,,50,399,35,40,31,normal,,20,4,0
Bibarel,,,,,,,,,,,,,,,,,,,,,,,,,,,,,Beadaruビーダル,,50,400,55,60,71,normal,water,31.5,4,0
Kricketot,,,,,,,,,,,,,,,,,,,,,,,,,,,,,Korobohshiコロボーシ,,50,401,25,41,25,bug,,2.2,4,0
Kricketune,,,,,,,,,,,,,,,,,,,,,,,,,,,,,Korotockコロトック,,50,402,55,51,65,bug,,25.5,4,0
Shinx,,,,,,,,,,,,,,,,,,,,,,,,,,,,,Kolinkコリンク,,50,403,40,34,45,electric,,9.5,4,0
Luxio,,,,,,,,,,,,,,,,,,,,,,,,,,,,,Luxioルクシオ,,50,404,60,49,60,electric,,30.5,4,0
Luxray,,,,,,,,,,,,,,,,,,,,,,,,,,,,,Rentorarレントラー,,50,405,95,79,70,electric,,42,4,0
Budew,,,,,,,,,,,,,,,,,,,,,,,,,,,,,Subomieスボミー,,50,406,50,70,55,grass,poison,1.2,4,0
Roserade,,,,,,,,,,,,,,,,,,,,,,,,,,,,,Roseradeロズレイド,,50,407,125,105,90,grass,poison,14.5,4,0
Cranidos,,,,,,,,,,,,,,,,,,,,,,,,,,,,,Zugaidosズガイドス,,88.1,408,30,30,58,rock,,31.5,4,0
Rampardos,,,,,,,,,,,,,,,,,,,,,,,,,,,,,Rampaldラムパルド,,88.1,409,65,50,58,rock,,102.5,4,0
Shieldon,,,,,,,,,,,,,,,,,,,,,,,,,,,,,Tatetopsタテトプス,,88.1,410,42,88,30,rock,steel,57,4,0
Bastiodon,,,,,,,,,,,,,,,,,,,,,,,,,,,,,Toridepsトリデプス,,88.1,411,47,138,30,rock,steel,149.5,4,0
Burmy,,,,,,,,,,,,,,,,,,,,,,,,,,,,,Minomucchiミノムッチ,,50,412,29,45,36,bug,,3.4,4,0
Wormadam,,,,,,,,,,,,,,,,,,,,,,,,,,,,,Minomadam (kusaki No Mino)ミノマダム,,0,413,69,95,36,bug,grass,6.5,4,0
Mothim,,,,,,,,,,,,,,,,,,,,,,,,,,,,,Gamaleガーメイル,,100,414,94,50,66,bug,flying,23.3,4,0
Combee,,,,,,,,,,,,,,,,,,,,,,,,,,,,,Mitsuhoneyミツハニー,,88.1,415,30,42,70,bug,flying,5.5,4,0
Vespiquen,,,,,,,,,,,,,,,,,,,,,,,,,,,,,Beequenビークイン,,0,416,80,102,40,bug,flying,38.5,4,0
Pachirisu,,,,,,,,,,,,,,,,,,,,,,,,,,,,,Pachirisuパチリス,,50,417,45,90,95,electric,,3.9,4,0
Buizel,,,,,,,,,,,,,,,,,,,,,,,,,,,,,Buoyselブイゼル,,50,418,60,30,85,water,,29.5,4,0
Floatzel,,,,,,,,,,,,,,,,,,,,,,,,,,,,,Floazelフローゼル,,50,419,85,50,115,water,,33.5,4,0
Cherubi,,,,,,,,,,,,,,,,,,,,,,,,,,,,,Cherinboチェリンボ,,50,420,62,53,35,grass,,3.3,4,0
Cherrim,,,,,,,,,,,,,,,,,,,,,,,,,,,,,Cherrimチェリム,,50,421,87,78,85,grass,,9.3,4,0
Shellos,,,,,,,,,,,,,,,,,,,,,,,,,,,,,Karanakushiカラナクシ,,50,422,57,62,34,water,,6.3,4,0
Gastrodon,,,,,,,,,,,,,,,,,,,,,,,,,,,,,Tritodonトリトドン,,50,423,92,82,39,water,ground,29.9,4,0
Ambipom,,,,,,,,,,,,,,,,,,,,,,,,,,,,,Etebothエテボース,,50,424,60,66,115,normal,,20.3,4,0
Drifloon,,,,,,,,,,,,,,,,,,,,,,,,,,,,,Fuwanteフワンテ,,50,425,60,44,70,ghost,flying,1.2,4,0
Drifblim,,,,,,,,,,,,,,,,,,,,,,,,,,,,,Fuwarideフワライド,,50,426,90,54,80,ghost,flying,15,4,0
Buneary,,,,,,,,,,,,,,,,,,,,,,,,,,,,,Mimirolミミロル,,50,427,44,56,85,normal,,5.5,4,0
Lopunny,,,,,,,,,,,,,,,,,,,,,,,,,,,,,Mimilopミミロップ,,50,428,54,96,135,normal,,33.3,4,0
Mismagius,,,,,,,,,,,,,,,,,,,,,,,,,,,,,Mumargiムウマージ,,50,429,105,105,105,ghost,,4.4,4,0
Honchkrow,,,,,,,,,,,,,,,,,,,,,,,,,,,,,Dongkarasuドンカラス,,50,430,105,52,71,dark,flying,27.3,4,0
Glameow,,,,,,,,,,,,,,,,,,,,,,,,,,,,,Nyarmarニャルマー,,24.6,431,42,37,85,normal,,3.9,4,0
Purugly,,,,,,,,,,,,,,,,,,,,,,,,,,,,,Bunyattoブニャット,,24.6,432,64,59,112,normal,,43.8,4,0
Chingling,,,,,,,,,,,,,,,,,,,,,,,,,,,,,Lisyanリーシャン,,50,433,65,50,45,psychic,,0.6,4,0
Stunky,,,,,,,,,,,,,,,,,,,,,,,,,,,,,Skunpuuスカンプー,,50,434,41,41,74,poison,dark,19.2,4,0
Skuntank,,,,,,,,,,,,,,,,,,,,,,,,,,,,,Skutankスカタンク,,50,435,71,61,84,poison,dark,38,4,0
Bronzor,,,,,,,,,,,,,,,,,,,,,,,,,,,,,Dohmirrorドーミラー,,,436,24,86,23,steel,psychic,60.5,4,0
Bronzong,,,,,,,,,,,,,,,,,,,,,,,,,,,,,Dohtakunドータクン,,,437,79,116,33,steel,psychic,187,4,0
Bonsly,,,,,,,,,,,,,,,,,,,,,,,,,,,,,Usohachiウソハチ,,50,438,10,45,10,rock,,15,4,0
Mime Jr.,,,,,,,,,,,,,,,,,,,,,,,,,,,,,Maneneマネネ,,50,439,70,90,60,psychic,fairy,13,4,0
Happiny,,,,,,,,,,,,,,,,,,,,,,,,,,,,,Pinpukuピンプク,,0,440,15,65,30,normal,,24.4,4,0
Chatot,,,,,,,,,,,,,,,,,,,,,,,,,,,,,Perapペラップ,,50,441,92,42,91,normal,flying,1.9,4,0
Spiritomb,,,,,,,,,,,,,,,,,,,,,,,,,,,,,Mikarugeミカルゲ,,50,442,92,108,35,ghost,dark,108,4,0
Gible,,,,,,,,,,,,,,,,,,,,,,,,,,,,,Fukamaruフカマル,,50,443,40,45,42,dragon,ground,20.5,4,0
Gabite,,,,,,,,,,,,,,,,,,,,,,,,,,,,,Gabiteガバイト,,50,444,50,55,82,dragon,ground,56,4,0
Garchomp,,,,,,,,,,,,,,,,,,,,,,,,,,,,,Gaburiasガブリアス,,50,445,120,95,92,dragon,ground,95,4,0
Munchlax,,,,,,,,,,,,,,,,,,,,,,,,,,,,,Gonbeゴンベ,,88.1,446,40,85,5,normal,,105,4,0
Riolu,,,,,,,,,,,,,,,,,,,,,,,,,,,,,Rioluリオル,,88.1,447,35,40,60,fighting,,20.2,4,0
Lucario,,,,,,,,,,,,,,,,,,,,,,,,,,,,,Lucarioルカリオ,,88.1,448,140,70,112,fighting,steel,54,4,0
Hippopotas,,,,,,,,,,,,,,,,,,,,,,,,,,,,,Hippopotasヒポポタス,,50,449,38,42,32,ground,,49.5,4,0
Hippowdon,,,,,,,,,,,,,,,,,,,,,,,,,,,,,Kabaldonカバルドン,,50,450,68,72,47,ground,,300,4,0
Skorupi,,,,,,,,,,,,,,,,,,,,,,,,,,,,,Scorupiスコルピ,,50,451,30,55,65,poison,bug,12,4,0
Drapion,,,,,,,,,,,,,,,,,,,,,,,,,,,,,Dorapionドラピオン,,50,452,60,75,95,poison,dark,61.5,4,0
Croagunk,,,,,,,,,,,,,,,,,,,,,,,,,,,,,Gureggruグレッグル,,50,453,61,40,50,poison,fighting,23,4,0
Toxicroak,,,,,,,,,,,,,,,,,,,,,,,,,,,,,Dokurogドクロッグ,,50,454,86,65,85,poison,fighting,44.4,4,0
Carnivine,,,,,,,,,,,,,,,,,,,,,,,,,,,,,Muskippaマスキッパ,,50,455,90,72,46,grass,,27,4,0
Finneon,,,,,,,,,,,,,,,,,,,,,,,,,,,,,Keikouoケイコウオ,,50,456,49,61,66,water,,7,4,0
Lumineon,,,,,,,,,,,,,,,,,,,,,,,,,,,,,Neolantネオラント,,50,457,69,86,91,water,,24,4,0
Mantyke,,,,,,,,,,,,,,,,,,,,,,,,,,,,,Tamantaタマンタ,,50,458,60,120,50,water,flying,65,4,0
Snover,,,,,,,,,,,,,,,,,,,,,,,,,,,,,Yukikaburiユキカブリ,,50,459,62,60,40,grass,ice,50.5,4,0
Abomasnow,,,,,,,,,,,,,,,,,,,,,,,,,,,,,Yukinoohユキノオー,,50,460,132,105,30,grass,ice,135.5,4,0
Weavile,,,,,,,,,,,,,,,,,,,,,,,,,,,,,Manyulaマニューラ,,50,461,45,85,125,dark,ice,34,4,0
Magnezone,,,,,,,,,,,,,,,,,,,,,,,,,,,,,Jibacoilジバコイル,,,462,130,90,60,electric,steel,180,4,0
Lickilicky,,,,,,,,,,,,,,,,,,,,,,,,,,,,,Berobeltベロベルト,,50,463,80,95,50,normal,,140,4,0
Rhyperior,,,,,,,,,,,,,,,,,,,,,,,,,,,,,Dosidonドサイドン,,50,464,55,55,40,ground,rock,282.8,4,0
Tangrowth,,,,,,,,,,,,,,,,,,,,,,,,,,,,,Mojumboモジャンボ,,50,465,110,50,50,grass,,128.6,4,0
Electivire,,,,,,,,,,,,,,,,,,,,,,,,,,,,,Elekibleエレキブル,,75.4,466,95,85,95,electric,,138.6,4,0
Magmortar,,,,,,,,,,,,,,,,,,,,,,,,,,,,,Booburnブーバーン,,75.4,467,125,95,83,fire,,68,4,0
Togekiss,,,,,,,,,,,,,,,,,,,,,,,,,,,,,Togekissトゲキッス,,88.1,468,120,115,80,fairy,flying,38,4,0
Yanmega,,,,,,,,,,,,,,,,,,,,,,,,,,,,,Megayanmaメガヤンマ,,50,469,116,56,95,bug,flying,51.5,4,0
Leafeon,,,,,,,,,,,,,,,,,,,,,,,,,,,,,Leafiaリーフィア,,88.1,470,60,65,95,grass,,25.5,4,0
Glaceon,,,,,,,,,,,,,,,,,,,,,,,,,,,,,Glaciaグレイシア,,88.1,471,130,95,65,ice,,25.9,4,0
Gliscor,,,,,,,,,,,,,,,,,,,,,,,,,,,,,Glionグライオン,,50,472,45,75,95,ground,flying,42.5,4,0
Mamoswine,,,,,,,,,,,,,,,,,,,,,,,,,,,,,Mammooマンムー,,50,473,70,60,80,ice,ground,291,4,0
Porygon-Z,,,,,,,,,,,,,,,,,,,,,,,,,,,,,Porygon-zポリゴンＺ,,,474,135,75,90,normal,,34,4,0
Gallade,,,,,,,,,,,,,,,,,,,,,,,,,,,,,Erureidoエルレイド,,100,475,65,115,110,psychic,fighting,52,4,0
Probopass,,,,,,,,,,,,,,,,,,,,,,,,,,,,,Dainoseダイノーズ,,50,476,75,150,40,rock,steel,340,4,0
Dusknoir,,,,,,,,,,,,,,,,,,,,,,,,,,,,,Yonoirヨノワール,,50,477,65,135,45,ghost,,106.6,4,0
Froslass,,,,,,,,,,,,,,,,,,,,,,,,,,,,,Yukimenokoユキメノコ,,0,478,80,70,110,ice,ghost,26.6,4,0
Rotom,,,,,,,,,,,,,,,,,,,,,,,,,,,,,Rotomロトム,,,479,105,107,86,electric,ghost,0.3,4,0
Uxie,,,,,,,,,,,,,,,,,,,,,,,,,,,,,Yuxieユクシー,,,480,75,130,95,psychic,,0.3,4,1
Mesprit,,,,,,,,,,,,,,,,,,,,,,,,,,,,,Emritエムリット,,,481,105,105,80,psychic,,0.3,4,1
Azelf,,,,,,,,,,,,,,,,,,,,,,,,,,,,,Agnomeアグノム,,,482,125,70,115,psychic,,0.3,4,1
Dialga,,,,,,,,,,,,,,,,,,,,,,,,,,,,,Dialgaディアルガ,,,483,150,100,90,steel,dragon,683,4,1
Palkia,,,,,,,,,,,,,,,,,,,,,,,,,,,,,Palkiaパルキア,,,484,150,120,100,water,dragon,336,4,1
Heatran,,,,,,,,,,,,,,,,,,,,,,,,,,,,,Heatranヒードラン,,50,485,130,106,77,fire,steel,430,4,1
Regigigas,,,,,,,,,,,,,,,,,,,,,,,,,,,,,Regigigasレジギガス,,,486,80,110,100,normal,,420,4,1
Giratina,,,,,,,,,,,,,,,,,,,,,,,,,,,,,Giratina (another Forme)ギラティナ,,,487,120,100,90,ghost,dragon,750,4,1
Cresselia,,,,,,,,,,,,,,,,,,,,,,,,,,,,,Cresseliaクレセリア,,0,488,75,130,85,psychic,,85.6,4,1
Phione,,,,,,,,,,,,,,,,,,,,,,,,,,,,,Phioneフィオネ,,,489,80,80,80,water,,3.1,4,0
Manaphy,,,,,,,,,,,,,,,,,,,,,,,,,,,,,Manaphyマナフィ,,,490,100,100,100,water,,1.4,4,1
Darkrai,,,,,,,,,,,,,,,,,,,,,,,,,,,,,Darkraiダークライ,,,491,135,90,125,dark,,50.5,4,1
Shaymin,,,,,,,,,,,,,,,,,,,,,,,,,,,,,Shaymin (sky Forme)シェイミ,,,492,120,75,127,grass,grass,2.1,4,1
Arceus,,,,,,,,,,,,,,,,,,,,,,,,,,,,,Arceusアルセウス,,,493,120,120,120,normal,,320,4,1
Victini,,,,,,,,,,,,,,,,,,,,,,,,,,,,,Victiniビクティニ,,,494,100,100,100,psychic,fire,4,5,1
Snivy,,,,,,,,,,,,,,,,,,,,,,,,,,,,,Tsutarjaツタージャ,,88.1,495,45,55,63,grass,,8.1,5,0
Servine,,,,,,,,,,,,,,,,,,,,,,,,,,,,,Janovyジャノビー,,88.1,496,60,75,83,grass,,16,5,0
Serperior,,,,,,,,,,,,,,,,,,,,,,,,,,,,,Jalordaジャローダ,,88.1,497,75,95,113,grass,,63,5,0
Tepig,,,,,,,,,,,,,,,,,,,,,,,,,,,,,Pokabuポカブ,,88.1,498,45,45,45,fire,,9.9,5,0
Pignite,,,,,,,,,,,,,,,,,,,,,,,,,,,,,Chaobooチャオブー,,88.1,499,70,55,55,fire,fighting,55.5,5,0
Emboar,,,,,,,,,,,,,,,,,,,,,,,,,,,,,Enbuohエンブオー,,88.1,500,100,65,65,fire,fighting,150,5,0
Oshawott,,,,,,,,,,,,,,,,,,,,,,,,,,,,,Mijumaruミジュマル,,88.1,501,63,45,45,water,,5.9,5,0
Dewott,,,,,,,,,,,,,,,,,,,,,,,,,,,,,Futachimaruフタチマル,,88.1,502,83,60,60,water,,24.5,5,0
Samurott,,,,,,,,,,,,,,,,,,,,,,,,,,,,,Daikenkiダイケンキ,,88.1,503,108,70,70,water,,94.6,5,0
Patrat,,,,,,,,,,,,,,,,,,,,,,,,,,,,,Minezumiミネズミ,,50,504,35,39,42,normal,,11.6,5,0
Watchog,,,,,,,,,,,,,,,,,,,,,,,,,,,,,Miruhogミルホッグ,,50,505,60,69,77,normal,,27,5,0
Lillipup,,,,,,,,,,,,,,,,,,,,,,,,,,,,,Yorterrieヨーテリー,,50,506,25,45,55,normal,,4.1,5,0
Herdier,,,,,,,,,,,,,,,,,,,,,,,,,,,,,Herderrieハーデリア,,50,507,35,65,60,normal,,14.7,5,0
Stoutland,,,,,,,,,,,,,,,,,,,,,,,,,,,,,Moolandムーランド,,50,508,45,90,80,normal,,61,5,0
Purrloin,,,,,,,,,,,,,,,,,,,,,,,,,,,,,Choronekoチョロネコ,,50,509,50,37,66,dark,,10.1,5,0
Liepard,,,,,,,,,,,,,,,,,,,,,,,,,,,,,Lepardasレパルダス,,50,510,88,50,106,dark,,37.5,5,0
Pansage,,,,,,,,,,,,,,,,,,,,,,,,,,,,,Yanappuヤナップ,,88.1,511,53,48,64,grass,,10.5,5,0
Simisage,,,,,,,,,,,,,,,,,,,,,,,,,,,,,Yanakkieヤナッキー,,88.1,512,98,63,101,grass,,30.5,5,0
Pansear,,,,,,,,,,,,,,,,,,,,,,,,,,,,,Baoppuバオップ,,88.1,513,53,48,64,fire,,11,5,0
Simisear,,,,,,,,,,,,,,,,,,,,,,,,,,,,,Baokkieバオッキー,,88.1,514,98,63,101,fire,,28,5,0
Panpour,,,,,,,,,,,,,,,,,,,,,,,,,,,,,Hiyappuヒヤップ,,88.1,515,53,48,64,water,,13.5,5,0
Simipour,,,,,,,,,,,,,,,,,,,,,,,,,,,,,Hiyakkieヒヤッキー,,88.1,516,98,63,101,water,,29,5,0
Munna,,,,,,,,,,,,,,,,,,,,,,,,,,,,,Munnaムンナ,,50,517,67,55,24,psychic,,23.3,5,0
Musharna,,,,,,,,,,,,,,,,,,,,,,,,,,,,,Musharnaムシャーナ,,50,518,107,95,29,psychic,,60.5,5,0
Pidove,,,,,,,,,,,,,,,,,,,,,,,,,,,,,Mamepatoマメパト,,50,519,36,30,43,normal,flying,2.1,5,0
Tranquill,,,,,,,,,,,,,,,,,,,,,,,,,,,,,Hatobohハトーボー,,50,520,50,42,65,normal,flying,15,5,0
Unfezant,,,,,,,,,,,,,,,,,,,,,,,,,,,,,Kenhallowケンホロウ,,50,521,65,55,93,normal,flying,29,5,0
Blitzle,,,,,,,,,,,,,,,,,,,,,,,,,,,,,Shimamaシママ,,50,522,50,32,76,electric,,29.8,5,0
Zebstrika,,,,,,,,,,,,,,,,,,,,,,,,,,,,,Zebraikaゼブライカ,,50,523,80,63,116,electric,,79.5,5,0
Roggenrola,,,,,,,,,,,,,,,,,,,,,,,,,,,,,Dangoroダンゴロ,,50,524,25,25,15,rock,,18,5,0
Boldore,,,,,,,,,,,,,,,,,,,,,,,,,,,,,Gantleガントル,,50,525,50,40,20,rock,,102,5,0
Gigalith,,,,,,,,,,,,,,,,,,,,,,,,,,,,,Gigaiathギガイアス,,50,526,60,80,25,rock,,260,5,0
Woobat,,,,,,,,,,,,,,,,,,,,,,,,,,,,,Koromoriコロモリ,,50,527,55,43,72,psychic,flying,2.1,5,0
Swoobat,,,,,,,,,,,,,,,,,,,,,,,,,,,,,Kokoromoriココロモリ,,50,528,77,55,114,psychic,flying,10.5,5,0
Drilbur,,,,,,,,,,,,,,,,,,,,,,,,,,,,,Mogurewモグリュー,,50,529,30,45,68,ground,,8.5,5,0
Excadrill,,,,,,,,,,,,,,,,,,,,,,,,,,,,,Doryuzuドリュウズ,,50,530,50,65,88,ground,steel,40.4,5,0
Audino,,,,,,,,,,,,,,,,,,,,,,,,,,,,,Tabunneタブンネ,,50,531,80,126,50,normal,,31,5,0
Timburr,,,,,,,,,,,,,,,,,,,,,,,,,,,,,Dokkorerドッコラー,,75.4,532,25,35,35,fighting,,12.5,5,0
Gurdurr,,,,,,,,,,,,,,,,,,,,,,,,,,,,,Dotekkotsuドテッコツ,,75.4,533,40,50,40,fighting,,40,5,0
Conkeldurr,,,,,,,,,,,,,,,,,,,,,,,,,,,,,Roubushinローブシン,,75.4,534,55,65,45,fighting,,87,5,0
Tympole,,,,,,,,,,,,,,,,,,,,,,,,,,,,,Otamaroオタマロ,,50,535,50,40,64,water,,4.5,5,0
Palpitoad,,,,,,,,,,,,,,,,,,,,,,,,,,,,,Gamagaruガマガル,,50,536,65,55,69,water,ground,17,5,0
Seismitoad,,,,,,,,,,,,,,,,,,,,,,,,,,,,,Gamagerogeガマゲロゲ,,50,537,85,75,74,water,ground,62,5,0
Throh,,,,,,,,,,,,,,,,,,,,,,,,,,,,,Nagekiナゲキ,,100,538,30,85,45,fighting,,55.5,5,0
Sawk,,,,,,,,,,,,,,,,,,,,,,,,,,,,,Dagekiダゲキ,,100,539,30,75,85,fighting,,51,5,0
Sewaddle,,,,,,,,,,,,,,,,,,,,,,,,,,,,,Kurumiruクルミル,,50,540,40,60,42,bug,grass,2.5,5,0
Swadloon,,,,,,,,,,,,,,,,,,,,,,,,,,,,,Kurumayuクルマユ,,50,541,50,80,42,bug,grass,7.3,5,0
Leavanny,,,,,,,,,,,,,,,,,,,,,,,,,,,,,Hahakomoriハハコモリ,,50,542,70,80,92,bug,grass,20.5,5,0
Venipede,,,,,,,,,,,,,,,,,,,,,,,,,,,,,Fushideフシデ,,50,543,30,39,57,bug,poison,5.3,5,0
Whirlipede,,,,,,,,,,,,,,,,,,,,,,,,,,,,,Wheegaホイーガ,,50,544,40,79,47,bug,poison,58.5,5,0
Scolipede,,,,,,,,,,,,,,,,,,,,,,,,,,,,,Pendrorペンドラー,,50,545,55,69,112,bug,poison,200.5,5,0
Cottonee,,,,,,,,,,,,,,,,,,,,,,,,,,,,,Monmenモンメン,,50,546,37,50,66,grass,fairy,0.6,5,0
Whimsicott,,,,,,,,,,,,,,,,,,,,,,,,,,,,,Elfuunエルフーン,,50,547,77,75,116,grass,fairy,6.6,5,0
Petilil,,,,,,,,,,,,,,,,,,,,,,,,,,,,,Churineチュリネ,,0,548,70,50,30,grass,,6.6,5,0
Lilligant,,,,,,,,,,,,,,,,,,,,,,,,,,,,,Dredearドレディア,,0,549,110,75,90,grass,,16.3,5,0
Basculin,,,,,,,,,,,,,,,,,,,,,,,,,,,,,Bassraoバスラオ,,50,550,80,55,98,water,,18,5,0
Sandile,,,,,,,,,,,,,,,,,,,,,,,,,,,,,Megurocoメグロコ,,50,551,35,35,65,ground,dark,15.2,5,0
Krokorok,,,,,,,,,,,,,,,,,,,,,,,,,,,,,Waruvileワルビル,,50,552,45,45,74,ground,dark,33.4,5,0
Krookodile,,,,,,,,,,,,,,,,,,,,,,,,,,,,,Waruvialワルビアル,,50,553,65,70,92,ground,dark,96.3,5,0
Darumaka,,,,,,,,,,,,,,,,,,,,,,,,,,,,,Darumakkaダルマッカ,,50,554,15,45,50,fire,,37.5,5,0
Darmanitan,,,,,,,,,,,,,,,,,,,,,,,,,,,,,Hihidarumaヒヒダルマ,,50,555,140,105,55,fire,fire,92.9,5,0
Maractus,,,,,,,,,,,,,,,,,,,,,,,,,,,,,Maracacchiマラカッチ,,50,556,106,67,60,grass,,28,5,0
Dwebble,,,,,,,,,,,,,,,,,,,,,,,,,,,,,Ishizumaiイシズマイ,,50,557,35,35,55,bug,rock,14.5,5,0
Crustle,,,,,,,,,,,,,,,,,,,,,,,,,,,,,Iwapalaceイワパレス,,50,558,65,75,45,bug,rock,200,5,0
Scraggy,,,,,,,,,,,,,,,,,,,,,,,,,,,,,Zurugguズルッグ,,50,559,35,70,48,dark,fighting,11.8,5,0
Scrafty,,,,,,,,,,,,,,,,,,,,,,,,,,,,,Zuruzukinズルズキン,,50,560,45,115,58,dark,fighting,30,5,0
Sigilyph,,,,,,,,,,,,,,,,,,,,,,,,,,,,,Symbolerシンボラー,,50,561,103,80,97,psychic,flying,14,5,0
Yamask,,,,,,,,,,,,,,,,,,,,,,,,,,,,,Desumasuデスマス,,50,562,55,65,30,ghost,,1.5,5,0
Cofagrigus,,,,,,,,,,,,,,,,,,,,,,,,,,,,,Desukarnデスカーン,,50,563,95,105,30,ghost,,76.5,5,0
Tirtouga,,,,,,,,,,,,,,,,,,,,,,,,,,,,,Protogaプロトーガ,,88.1,564,53,45,22,water,rock,16.5,5,0
Carracosta,,,,,,,,,,,,,,,,,,,,,,,,,,,,,Abagouraアバゴーラ,,88.1,565,83,65,32,water,rock,81,5,0
Archen,,,,,,,,,,,,,,,,,,,,,,,,,,,,,Archenアーケン,,88.1,566,74,45,70,rock,flying,9.5,5,0
Archeops,,,,,,,,,,,,,,,,,,,,,,,,,,,,,Archeosアーケオス,,88.1,567,112,65,110,rock,flying,32,5,0
Trubbish,,,,,,,,,,,,,,,,,,,,,,,,,,,,,Yabukuronヤブクロン,,50,568,40,62,65,poison,,31,5,0
Garbodor,,,,,,,,,,,,,,,,,,,,,,,,,,,,,Dustdasダストダス,,50,569,60,82,75,poison,,107.3,5,0
Zorua,,,,,,,,,,,,,,,,,,,,,,,,,,,,,Zoruaゾロア,,88.1,570,80,40,65,dark,,12.5,5,0
Zoroark,,,,,,,,,,,,,,,,,,,,,,,,,,,,,Zoroarkゾロアーク,,88.1,571,120,60,105,dark,,81.1,5,0
Minccino,,,,,,,,,,,,,,,,,,,,,,,,,,,,,Chillarmyチラーミィ,,24.6,572,40,40,75,normal,,5.8,5,0
Cinccino,,,,,,,,,,,,,,,,,,,,,,,,,,,,,Chillaccinoチラチーノ,,24.6,573,65,60,115,normal,,7.5,5,0
Gothita,,,,,,,,,,,,,,,,,,,,,,,,,,,,,Gothimuゴチム,,24.6,574,55,65,45,psychic,,5.8,5,0
Gothorita,,,,,,,,,,,,,,,,,,,,,,,,,,,,,Gothimiruゴチミル,,24.6,575,75,85,55,psychic,,18,5,0
Gothitelle,,,,,,,,,,,,,,,,,,,,,,,,,,,,,Gothiruselleゴチルゼル,,24.6,576,95,110,65,psychic,,44,5,0
Solosis,,,,,,,,,,,,,,,,,,,,,,,,,,,,,Uniranユニラン,,50,577,105,50,20,psychic,,1,5,0
Duosion,,,,,,,,,,,,,,,,,,,,,,,,,,,,,Doublanダブラン,,50,578,125,60,30,psychic,,8,5,0
Reuniclus,,,,,,,,,,,,,,,,,,,,,,,,,,,,,Lanculusランクルス,,50,579,125,85,30,psychic,,20.1,5,0
Ducklett,,,,,,,,,,,,,,,,,,,,,,,,,,,,,Koaruhieコアルヒー,,50,580,44,50,55,water,flying,5.5,5,0
Swanna,,,,,,,,,,,,,,,,,,,,,,,,,,,,,Swannaスワンナ,,50,581,87,63,98,water,flying,24.2,5,0
Vanillite,,,,,,,,,,,,,,,,,,,,,,,,,,,,,Vanipetiバニプッチ,,50,582,65,60,44,ice,,5.7,5,0
Vanillish,,,,,,,,,,,,,,,,,,,,,,,,,,,,,Vanirichバニリッチ,,50,583,80,75,59,ice,,41,5,0
Vanilluxe,,,,,,,,,,,,,,,,,,,,,,,,,,,,,Baivanillaバイバニラ,,50,584,110,95,79,ice,,57.5,5,0
Deerling,,,,,,,,,,,,,,,,,,,,,,,,,,,,,Shikijikaシキジカ,,50,585,40,50,75,normal,grass,19.5,5,0
Sawsbuck,,,,,,,,,,,,,,,,,,,,,,,,,,,,,Mebukijikaメブキジカ,,50,586,60,70,95,normal,grass,92.5,5,0
Emolga,,,,,,,,,,,,,,,,,,,,,,,,,,,,,Emongaエモンガ,,50,587,75,60,103,electric,flying,5,5,0
Karrablast,,,,,,,,,,,,,,,,,,,,,,,,,,,,,Kaburumoカブルモ,,50,588,40,45,60,bug,,5.9,5,0
Escavalier,,,,,,,,,,,,,,,,,,,,,,,,,,,,,Chevargoシュバルゴ,,50,589,60,105,20,bug,steel,33,5,0
Foongus,,,,,,,,,,,,,,,,,,,,,,,,,,,,,Tamagetakeタマゲタケ,,50,590,55,55,15,grass,poison,1,5,0
Amoonguss,,,,,,,,,,,,,,,,,,,,,,,,,,,,,Morobareruモロバレル,,50,591,85,80,30,grass,poison,10.5,5,0
Frillish,,,,,,,,,,,,,,,,,,,,,,,,,,,,,Pururillプルリル,,50,592,65,85,40,water,ghost,33,5,0
Jellicent,,,,,,,,,,,,,,,,,,,,,,,,,,,,,Burungelブルンゲル,,50,593,85,105,60,water,ghost,135,5,0
Alomomola,,,,,,,,,,,,,,,,,,,,,,,,,,,,,Mamanbouママンボウ,,50,594,40,45,65,water,,31.6,5,0
Joltik,,,,,,,,,,,,,,,,,,,,,,,,,,,,,Bachuruバチュル,,50,595,57,50,65,bug,electric,0.6,5,0
Galvantula,,,,,,,,,,,,,,,,,,,,,,,,,,,,,Dentulaデンチュラ,,50,596,97,60,108,bug,electric,14.3,5,0
Ferroseed,,,,,,,,,,,,,,,,,,,,,,,,,,,,,Tesseedテッシード,,50,597,24,86,10,grass,steel,18.8,5,0
Ferrothorn,,,,,,,,,,,,,,,,,,,,,,,,,,,,,Nutreyナットレイ,,50,598,54,116,20,grass,steel,110,5,0
Klink,,,,,,,,,,,,,,,,,,,,,,,,,,,,,Giaruギアル,,,599,45,60,30,steel,,21,5,0
Klang,,,,,,,,,,,,,,,,,,,,,,,,,,,,,Gigiaruギギアル,,,600,70,85,50,steel,,51,5,0
Klinklang,,,,,,,,,,,,,,,,,,,,,,,,,,,,,Gigigiaruギギギアル,,,601,70,85,90,steel,,81,5,0
Tynamo,,,,,,,,,,,,,,,,,,,,,,,,,,,,,Shibishirasuシビシラス,,50,602,45,40,60,electric,,0.3,5,0
Eelektrik,,,,,,,,,,,,,,,,,,,,,,,,,,,,,Shibibeelシビビール,,50,603,75,70,40,electric,,22,5,0
Eelektross,,,,,,,,,,,,,,,,,,,,,,,,,,,,,Shibirudonシビルドン,,50,604,105,80,50,electric,,80.5,5,0
Elgyem,,,,,,,,,,,,,,,,,,,,,,,,,,,,,Ligrayリグレー,,50,605,85,55,30,psychic,,9,5,0
Beheeyem,,,,,,,,,,,,,,,,,,,,,,,,,,,,,Ohbemオーベム,,50,606,125,95,40,psychic,,34.5,5,0
Litwick,,,,,,,,,,,,,,,,,,,,,,,,,,,,,Hitomoshiヒトモシ,,50,607,65,55,20,ghost,fire,3.1,5,0
Lampent,,,,,,,,,,,,,,,,,,,,,,,,,,,,,Lamplerランプラー,,50,608,95,60,55,ghost,fire,13,5,0
Chandelure,,,,,,,,,,,,,,,,,,,,,,,,,,,,,Chandelaシャンデラ,,50,609,145,90,80,ghost,fire,34.3,5,0
Axew,,,,,,,,,,,,,,,,,,,,,,,,,,,,,Kibagoキバゴ,,50,610,30,40,57,dragon,,18,5,0
Fraxure,,,,,,,,,,,,,,,,,,,,,,,,,,,,,Onondoオノンド,,50,611,40,50,67,dragon,,36,5,0
Haxorus,,,,,,,,,,,,,,,,,,,,,,,,,,,,,Ononokusオノノクス,,50,612,60,70,97,dragon,,105.5,5,0
Cubchoo,,,,,,,,,,,,,,,,,,,,,,,,,,,,,Kumasyunクマシュン,,50,613,60,40,40,ice,,8.5,5,0
Beartic,,,,,,,,,,,,,,,,,,,,,,,,,,,,,Tunbearツンベアー,,50,614,70,80,50,ice,,260,5,0
Cryogonal,,,,,,,,,,,,,,,,,,,,,,,,,,,,,Freegeoフリージオ,,,615,95,135,105,ice,,148,5,0
Shelmet,,,,,,,,,,,,,,,,,,,,,,,,,,,,,Chobomakiチョボマキ,,50,616,40,65,25,bug,,7.7,5,0
Accelgor,,,,,,,,,,,,,,,,,,,,,,,,,,,,,Agilderアギルダー,,50,617,100,60,145,bug,,25.3,5,0
Stunfisk,,,,,,,,,,,,,,,,,,,,,,,,,,,,,Maggyoマッギョ,,50,618,81,99,32,ground,electric,11,5,0
Mienfoo,,,,,,,,,,,,,,,,,,,,,,,,,,,,,Kojofuコジョフー,,50,619,55,50,65,fighting,,20,5,0
Mienshao,,,,,,,,,,,,,,,,,,,,,,,,,,,,,Kojondoコジョンド,,50,620,95,60,105,fighting,,35.5,5,0
Druddigon,,,,,,,,,,,,,,,,,,,,,,,,,,,,,Crimganクリムガン,,50,621,60,90,48,dragon,,139,5,0
Golett,,,,,,,,,,,,,,,,,,,,,,,,,,,,,Gobitゴビット,,,622,35,50,35,ground,ghost,92,5,0
Golurk,,,,,,,,,,,,,,,,,,,,,,,,,,,,,Goloogゴルーグ,,,623,55,80,55,ground,ghost,330,5,0
Pawniard,,,,,,,,,,,,,,,,,,,,,,,,,,,,,Komatanaコマタナ,,50,624,40,40,60,dark,steel,10.2,5,0
Bisharp,,,,,,,,,,,,,,,,,,,,,,,,,,,,,Kirikizanキリキザン,,50,625,60,70,70,dark,steel,70,5,0
Bouffalant,,,,,,,,,,,,,,,,,,,,,,,,,,,,,Buffronバッフロン,,50,626,40,95,55,normal,,94.6,5,0
Rufflet,,,,,,,,,,,,,,,,,,,,,,,,,,,,,Washibonワシボン,,100,627,37,50,60,normal,flying,10.5,5,0
Braviary,,,,,,,,,,,,,,,,,,,,,,,,,,,,,Warrgleウォーグル,,100,628,57,75,80,normal,flying,41,5,0
Vullaby,,,,,,,,,,,,,,,,,,,,,,,,,,,,,Valchaiバルチャイ,,0,629,45,65,60,dark,flying,9,5,0
Mandibuzz,,,,,,,,,,,,,,,,,,,,,,,,,,,,,Vulginaバルジーナ,,0,630,55,95,80,dark,flying,39.5,5,0
Heatmor,,,,,,,,,,,,,,,,,,,,,,,,,,,,,Kuitaranクイタラン,,50,631,105,66,65,fire,,58,5,0
Durant,,,,,,,,,,,,,,,,,,,,,,,,,,,,,Aiantアイアント,,50,632,48,48,109,bug,steel,33,5,0
Deino,,,,,,,,,,,,,,,,,,,,,,,,,,,,,Monozuモノズ,,50,633,45,50,38,dark,dragon,17.3,5,0
Zweilous,,,,,,,,,,,,,,,,,,,,,,,,,,,,,Diheadジヘッド,,50,634,65,70,58,dark,dragon,50,5,0
Hydreigon,,,,,,,,,,,,,,,,,,,,,,,,,,,,,Sazandoraサザンドラ,,50,635,125,90,98,dark,dragon,160,5,0
Larvesta,,,,,,,,,,,,,,,,,,,,,,,,,,,,,Merlarvaメラルバ,,50,636,50,55,60,bug,fire,28.8,5,0
Volcarona,,,,,,,,,,,,,,,,,,,,,,,,,,,,,Ulgamothウルガモス,,50,637,135,105,100,bug,fire,46,5,0
Cobalion,,,,,,,,,,,,,,,,,,,,,,,,,,,,,Cobalonコバルオン,,,638,90,72,108,steel,fighting,250,5,1
Terrakion,,,,,,,,,,,,,,,,,,,,,,,,,,,,,Terrakionテラキオン,,,639,72,90,108,rock,fighting,260,5,1
Virizion,,,,,,,,,,,,,,,,,,,,,,,,,,,,,Virizionビリジオン,,,640,90,129,108,grass,fighting,200,5,1
Tornadus,,,,,,,,,,,,,,,,,,,,,,,,,,,,,Tornelos (keshin Forme)トルネロス,,100,641,110,90,121,flying,,63,5,1
Thundurus,,,,,,,,,,,,,,,,,,,,,,,,,,,,,Voltolos (keshin Forme)ボルトロス,,100,642,145,80,101,electric,flying,61,5,1
Reshiram,,,,,,,,,,,,,,,,,,,,,,,,,,,,,Reshiramレシラム,,,643,150,120,90,dragon,fire,330,5,1
Zekrom,,,,,,,,,,,,,,,,,,,,,,,,,,,,,Zekromゼクロム,,,644,120,100,90,dragon,electric,345,5,1
Landorus,,,,,,,,,,,,,,,,,,,,,,,,,,,,,Landlos (keshin Forme)ランドロス,,100,645,105,80,91,ground,flying,68,5,1
Kyurem,,,,,,,,,,,,,,,,,,,,,,,,,,,,,Kyuremキュレム,,,646,170,100,95,dragon,ice,325,5,1
Keldeo,,,,,,,,,,,,,,,,,,,,,,,,,,,,,Keldeo (itsumo No Sugata)ケルディオ,,,647,129,90,108,water,fighting,48.5,5,1
Meloetta,,,,,,,,,,,,,,,,,,,,,,,,,,,,,Meloetta (step Forme)メロエッタ,,,648,77,77,128,normal,psychic,6.5,5,1
Genesect,,,,,,,,,,,,,,,,,,,,,,,,,,,,,Genesectゲノセクト,,,649,120,95,99,bug,steel,82.5,5,1
Chespin,,,,,,,,,,,,,,,,,,,,,,,,,,,,,Harimaronハリマロン,,88.1,650,48,45,38,grass,,9,6,0
Quilladin,,,,,,,,,,,,,,,,,,,,,,,,,,,,,Hariborgハリボーグ,,88.1,651,56,58,57,grass,,29,6,0
Chesnaught,,,,,,,,,,,,,,,,,,,,,,,,,,,,,Brigarronブリガロン,,88.1,652,74,75,64,grass,fighting,90,6,0
Fennekin,,,,,,,,,,,,,,,,,,,,,,,,,,,,,Fokkoフォッコ,,88.1,653,62,60,60,fire,,9.4,6,0
Braixen,,,,,,,,,,,,,,,,,,,,,,,,,,,,,Tairenarテールナー,,88.1,654,90,70,73,fire,,14.5,6,0
Delphox,,,,,,,,,,,,,,,,,,,,,,,,,,,,,Mahoxyマフォクシー,,88.1,655,114,100,104,fire,psychic,39,6,0
Froakie,,,,,,,,,,,,,,,,,,,,,,,,,,,,,Keromatsuケロマツ,,88.1,656,62,44,71,water,,7,6,0
Frogadier,,,,,,,,,,,,,,,,,,,,,,,,,,,,,Gekogashiraゲコガシラ,,88.1,657,83,56,97,water,,10.9,6,0
Greninja,,,,,,,,,,,,,,,,,,,,,,,,,,,,,Gekkougaゲッコウガ,,88.1,658,153,71,132,water,dark,40,6,0
Bunnelby,,,,,,,,,,,,,,,,,,,,,,,,,,,,,Horubeeホルビー,,50,659,32,36,57,normal,,5,6,0
Diggersby,,,,,,,,,,,,,,,,,,,,,,,,,,,,,Horudoホルード,,50,660,50,77,78,normal,ground,42.4,6,0
Fletchling,,,,,,,,,,,,,,,,,,,,,,,,,,,,,Yayakomaヤヤコマ,,50,661,40,38,62,normal,flying,1.7,6,0
Fletchinder,,,,,,,,,,,,,,,,,,,,,,,,,,,,,Hinoyakomaヒノヤコマ,,50,662,56,52,84,fire,flying,16,6,0
Talonflame,,,,,,,,,,,,,,,,,,,,,,,,,,,,,Fiarrowファイアロー,,50,663,74,69,126,fire,flying,24.5,6,0
Scatterbug,,,,,,,,,,,,,,,,,,,,,,,,,,,,,Kofukimushiコフキムシ,,50,664,27,25,35,bug,,2.5,6,0
Spewpa,,,,,,,,,,,,,,,,,,,,,,,,,,,,,Kofuuraiコフーライ,,50,665,27,30,29,bug,,8.4,6,0
Vivillon,,,,,,,,,,,,,,,,,,,,,,,,,,,,,Viviyonビビヨン,,50,666,90,50,89,bug,flying,17,6,0
Litleo,,,,,,,,,,,,,,,,,,,,,,,,,,,,,Shishikoシシコ,,11.2,667,73,54,72,fire,normal,13.5,6,0
Pyroar,,,,,,,,,,,,,,,,,,,,,,,,,,,,,Kaenjishiカエンジシ,,11.2,668,109,66,106,fire,normal,81.5,6,0
Flabébé,,,,,,,,,,,,,,,,,,,,,,,,,,,,,Flabebeフラベベ,,0,669,61,79,42,fairy,,0.1,6,0
Floette,,,,,,,,,,,,,,,,,,,,,,,,,,,,,Floetteフラエッテ,,0,670,125,128,92,fairy,,0.9,6,0
Florges,,,,,,,,,,,,,,,,,,,,,,,,,,,,,Florgesフラージェス,,0,671,112,154,75,fairy,,10,6,0
Skiddo,,,,,,,,,,,,,,,,,,,,,,,,,,,,,Meecleメェークル,,50,672,62,57,52,grass,,31,6,0
Gogoat,,,,,,,,,,,,,,,,,,,,,,,,,,,,,Gogoatゴーゴート,,50,673,97,81,68,grass,,91,6,0
Pancham,,,,,,,,,,,,,,,,,,,,,,,,,,,,,Yanchamヤンチャム,,50,674,46,48,43,fighting,,8,6,0
Pangoro,,,,,,,,,,,,,,,,,,,,,,,,,,,,,Gorondaゴロンダ,,50,675,69,71,58,fighting,dark,136,6,0
Furfrou,,,,,,,,,,,,,,,,,,,,,,,,,,,,,Trimmienトリミアン,,50,676,65,90,102,normal,,28,6,0
Espurr,,,,,,,,,,,,,,,,,,,,,,,,,,,,,Nyasperニャスパー,,50,677,63,60,68,psychic,,3.5,6,0
Meowstic,,,,,,,,,,,,,,,,,,,,,,,,,,,,,Nyaonixニャオニクス,,50,678,83,81,104,psychic,,8.5,6,0
Honedge,,,,,,,,,,,,,,,,,,,,,,,,,,,,,Hitotsukiヒトツキ,,50,679,35,37,28,steel,ghost,2,6,0
Doublade,,,,,,,,,,,,,,,,,,,,,,,,,,,,,Nidangillニダンギル,,50,680,45,49,35,steel,ghost,4.5,6,0
Aegislash,,,,,,,,,,,,,,,,,,,,,,,,,,,,,Gillgardギルガルド,,50,681,150,50,60,steel,ghost,53,6,0
Spritzee,,,,,,,,,,,,,,,,,,,,,,,,,,,,,Shushupuシュシュプ,,50,682,63,65,23,fairy,,0.5,6,0
Aromatisse,,,,,,,,,,,,,,,,,,,,,,,,,,,,,Frefuwanフレフワン,,50,683,99,89,29,fairy,,15.5,6,0
Swirlix,,,,,,,,,,,,,,,,,,,,,,,,,,,,,Peroppafuペロッパフ,,50,684,59,57,49,fairy,,3.5,6,0
Slurpuff,,,,,,,,,,,,,,,,,,,,,,,,,,,,,Peroreamペロリーム,,50,685,85,75,72,fairy,,5,6,0
Inkay,,,,,,,,,,,,,,,,,,,,,,,,,,,,,Maaiikaマーイーカ,,50,686,37,46,45,dark,psychic,3.5,6,0
Malamar,,,,,,,,,,,,,,,,,,,,,,,,,,,,,Calamaneroカラマネロ,,50,687,68,75,73,dark,psychic,47,6,0
Binacle,,,,,,,,,,,,,,,,,,,,,,,,,,,,,Kameteteカメテテ,,50,688,39,56,50,rock,water,31,6,0
Barbaracle,,,,,,,,,,,,,,,,,,,,,,,,,,,,,Gamenodesガメノデス,,50,689,54,86,68,rock,water,96,6,0
Skrelp,,,,,,,,,,,,,,,,,,,,,,,,,,,,,Kuzumoクズモー,,50,690,60,60,30,poison,water,7.3,6,0
Dragalge,,,,,,,,,,,,,,,,,,,,,,,,,,,,,Dramidoroドラミドロ,,50,691,97,123,44,poison,dragon,81.5,6,0
Clauncher,,,,,,,,,,,,,,,,,,,,,,,,,,,,,Udeppouウデッポウ,,50,692,58,63,44,water,,8.3,6,0
Clawitzer,,,,,,,,,,,,,,,,,,,,,,,,,,,,,Blosterブロスター,,50,693,120,89,59,water,,35.3,6,0
Helioptile,,,,,,,,,,,,,,,,,,,,,,,,,,,,,Erikiteruエリキテル,,50,694,61,43,70,electric,normal,6,6,0
Heliolisk,,,,,,,,,,,,,,,,,,,,,,,,,,,,,Elezardエレザード,,50,695,109,94,109,electric,normal,21,6,0
Tyrunt,,,,,,,,,,,,,,,,,,,,,,,,,,,,,Chigorasチゴラス,,88.1,696,45,45,48,rock,dragon,26,6,0
Tyrantrum,,,,,,,,,,,,,,,,,,,,,,,,,,,,,Gachigorasガチゴラス,,88.1,697,69,59,71,rock,dragon,270,6,0
Amaura,,,,,,,,,,,,,,,,,,,,,,,,,,,,,Amarusアマルス,,88.1,698,67,63,46,rock,ice,25.2,6,0
Aurorus,,,,,,,,,,,,,,,,,,,,,,,,,,,,,Amarurugaアマルルガ,,88.1,699,99,92,58,rock,ice,225,6,0
Sylveon,,,,,,,,,,,,,,,,,,,,,,,,,,,,,Nymphiaニンフィア,,88.1,700,110,130,60,fairy,,23.5,6,0
Hawlucha,,,,,,,,,,,,,,,,,,,,,,,,,,,,,Luchabullルチャブル,,50,701,74,63,118,fighting,flying,21.5,6,0
Dedenne,,,,,,,,,,,,,,,,,,,,,,,,,,,,,Dedenneデデンネ,,50,702,81,67,101,electric,fairy,2.2,6,0
Carbink,,,,,,,,,,,,,,,,,,,,,,,,,,,,,Melecieメレシー,,,703,50,150,50,rock,fairy,5.7,6,0
Goomy,,,,,,,,,,,,,,,,,,,,,,,,,,,,,Numeraヌメラ,,50,704,55,75,40,dragon,,2.8,6,0
Sliggoo,,,,,,,,,,,,,,,,,,,,,,,,,,,,,Numeilヌメイル,,50,705,83,113,60,dragon,,17.5,6,0
Goodra,,,,,,,,,,,,,,,,,,,,,,,,,,,,,Numelgonヌメルゴン,,50,706,110,150,80,dragon,,150.5,6,0
Klefki,,,,,,,,,,,,,,,,,,,,,,,,,,,,,Cleffyクレッフィ,,50,707,80,87,75,steel,fairy,3,6,0
Phantump,,,,,,,,,,,,,,,,,,,,,,,,,,,,,Bokureiボクレー,,50,708,50,60,38,ghost,grass,7,6,0
Trevenant,,,,,,,,,,,,,,,,,,,,,,,,,,,,,Ohrotオーロット,,50,709,65,82,56,ghost,grass,71,6,0
Pumpkaboo,,,,,,,,,,,,,,,,,,,,,,,,,,,,,Bakecchaバケッチャ,,50,710,44,55,41,ghost,grass,15,6,0
Gourgeist,,,,,,,,,,,,,,,,,,,,,,,,,,,,,Pumpjinパンプジン,,50,711,58,75,54,ghost,grass,39,6,0
Bergmite,,,,,,,,,,,,,,,,,,,,,,,,,,,,,Kachikohruカチコール,,50,712,32,35,28,ice,,99.5,6,0
Avalugg,,,,,,,,,,,,,,,,,,,,,,,,,,,,,Crebaseクレベース,,50,713,44,46,28,ice,,505,6,0
Noibat,,,,,,,,,,,,,,,,,,,,,,,,,,,,,Onbatオンバット,,50,714,45,40,55,flying,dragon,8,6,0
Noivern,,,,,,,,,,,,,,,,,,,,,,,,,,,,,Onvernオンバーン,,50,715,97,80,123,flying,dragon,85,6,0
Xerneas,,,,,,,,,,,,,,,,,,,,,,,,,,,,,Xerneasゼルネアス,,,716,131,98,99,fairy,,215,6,1
Yveltal,,,,,,,,,,,,,,,,,,,,,,,,,,,,,Yveltalイベルタル,,,717,131,98,99,dark,flying,203,6,1
Zygarde,,,,,,,,,,,,,,,,,,,,,,,,,,,,,Zygarde (10% Forme)ジガルデ,,,718,91,95,85,dragon,ground,284.6,6,1
Diancie,,,,,,,,,,,,,,,,,,,,,,,,,,,,,Diancieディアンシー,,,719,160,110,110,rock,fairy,8.8,6,1
Hoopa,,,,,,,,,,,,,,,,,,,,,,,,,,,,,Hoopa (imashimerareshi Hoopa)フーパ,,,720,170,130,80,psychic,ghost,,6,1
Volcanion,,,,,,,,,,,,,,,,,,,,,,,,,,,,,Volcanionボルケニオン,,,721,130,90,70,fire,water,195,6,1
Rowlet,,,,,,,,,,,,,,,,,,,,,,,,,,,,,Mokurohモクロー,,88.1,722,50,50,42,grass,flying,1.5,7,0
Dartrix,,,,,,,,,,,,,,,,,,,,,,,,,,,,,Fukuthrowフクスロー,,88.1,723,70,70,52,grass,flying,16,7,0
Decidueye,,,,,,,,,,,,,,,,,,,,,,,,,,,,,Junaiperジュナイパー,,88.1,724,100,100,70,grass,ghost,36.6,7,0
Litten,,,,,,,,,,,,,,,,,,,,,,,,,,,,,Nyabbyニャビー,,88.1,725,60,40,70,fire,,4.3,7,0
Torracat,,,,,,,,,,,,,,,,,,,,,,,,,,,,,Nyaheatニャヒート,,88.1,726,80,50,90,fire,,25,7,0
Incineroar,,,,,,,,,,,,,,,,,,,,,,,,,,,,,Gaogaenガオガエン,,88.1,727,80,90,60,fire,dark,83,7,0
Popplio,,,,,,,,,,,,,,,,,,,,,,,,,,,,,Ashimariアシマリ,,88.1,728,66,56,40,water,,7.5,7,0
Brionne,,,,,,,,,,,,,,,,,,,,,,,,,,,,,Osyamariオシャマリ,,88.1,729,91,81,50,water,,17.5,7,0
Primarina,,,,,,,,,,,,,,,,,,,,,,,,,,,,,Ashireneアシレーヌ,,88.1,730,126,116,60,water,fairy,44,7,0
Pikipek,,,,,,,,,,,,,,,,,,,,,,,,,,,,,Tsutsukeraツツケラ,,50,731,30,30,65,normal,flying,1.2,7,0
Trumbeak,,,,,,,,,,,,,,,,,,,,,,,,,,,,,Kerarappaケララッパ,,50,732,40,50,75,normal,flying,14.8,7,0
Toucannon,,,,,,,,,,,,,,,,,,,,,,,,,,,,,Dodekabashiドデカバシ,,50,733,75,75,60,normal,flying,26,7,0
Yungoos,,,,,,,,,,,,,,,,,,,,,,,,,,,,,Youngooseヤングース,,50,734,30,30,45,normal,,6,7,0
Gumshoos,,,,,,,,,,,,,,,,,,,,,,,,,,,,,Dekagooseデカグース,,50,735,55,60,45,normal,,14.2,7,0
Grubbin,,,,,,,,,,,,,,,,,,,,,,,,,,,,,Agojimushiアゴジムシ,,50,736,55,45,46,bug,,4.4,7,0
Charjabug,,,,,,,,,,,,,,,,,,,,,,,,,,,,,Dendimushiデンヂムシ,,50,737,55,75,36,bug,electric,10.5,7,0
Vikavolt,,,,,,,,,,,,,,,,,,,,,,,,,,,,,Kuwagannonクワガノン,,50,738,145,75,43,bug,electric,45,7,0
Crabrawler,,,,,,,,,,,,,,,,,,,,,,,,,,,,,Makenkaniマケンカニ,,50,739,42,47,63,fighting,,7,7,0
Crabominable,,,,,,,,,,,,,,,,,,,,,,,,,,,,,Kekenkaniケケンカニ,,50,740,62,67,43,fighting,ice,180,7,0
Oricorio,,,,,,,,,,,,,,,,,,,,,,,,,,,,,Odoridori (pachipachi Style)オドリドリ,,24.6,741,98,70,93,fire,flying,3.4,7,0
Cutiefly,,,,,,,,,,,,,,,,,,,,,,,,,,,,,Abulyアブリー,,50,742,55,40,84,bug,fairy,0.2,7,0
Ribombee,,,,,,,,,,,,,,,,,,,,,,,,,,,,,Aburibbonアブリボン,,50,743,95,70,124,bug,fairy,0.5,7,0
Rockruff,,,,,,,,,,,,,,,,,,,,,,,,,,,,,Iwankoイワンコ,,50,744,30,40,60,rock,,9.2,7,0
Lycanroc,,,,,,,,,,,,,,,,,,,,,,,,,,,,,Lugarugan (mahiru No Sugata)ルガルガン,,50,745,55,75,82,rock,,,7,0
Wishiwashi,,,,,,,,,,,,,,,,,,,,,,,,,,,,,Yowashi (tandoku No Sugata)ヨワシ,,50,746,140,135,30,water,,0.3,7,0
Mareanie,,,,,,,,,,,,,,,,,,,,,,,,,,,,,Hidoideヒドイデ,,50,747,43,52,45,poison,water,8,7,0
Toxapex,,,,,,,,,,,,,,,,,,,,,,,,,,,,,Dohidoideドヒドイデ,,50,748,53,142,35,poison,water,14.5,7,0
Mudbray,,,,,,,,,,,,,,,,,,,,,,,,,,,,,Dorobankoドロバンコ,,50,749,45,55,45,ground,,110,7,0
Mudsdale,,,,,,,,,,,,,,,,,,,,,,,,,,,,,Banbadoroバンバドロ,,50,750,55,85,35,ground,,920,7,0
Dewpider,,,,,,,,,,,,,,,,,,,,,,,,,,,,,Shizukumoシズクモ,,50,751,40,72,27,water,bug,4,7,0
Araquanid,,,,,,,,,,,,,,,,,,,,,,,,,,,,,Onishizukumoオニシズクモ,,50,752,50,132,42,water,bug,82,7,0
Fomantis,,,,,,,,,,,,,,,,,,,,,,,,,,,,,Karikiriカリキリ,,50,753,50,35,35,grass,,1.5,7,0
Lurantis,,,,,,,,,,,,,,,,,,,,,,,,,,,,,Lalantesラランテス,,50,754,80,90,45,grass,,18.5,7,0
Morelull,,,,,,,,,,,,,,,,,,,,,,,,,,,,,Nemasyuネマシュ,,50,755,65,75,15,grass,fairy,1.5,7,0
Shiinotic,,,,,,,,,,,,,,,,,,,,,,,,,,,,,Mashadeマシェード,,50,756,90,100,30,grass,fairy,11.5,7,0
Salandit,,,,,,,,,,,,,,,,,,,,,,,,,,,,,Yatoumoriヤトウモリ,,88.1,757,71,40,77,poison,fire,4.8,7,0
Salazzle,,,,,,,,,,,,,,,,,,,,,,,,,,,,,Ennewtエンニュート,,0,758,111,60,117,poison,fire,22.2,7,0
Stufful,,,,,,,,,,,,,,,,,,,,,,,,,,,,,Nuikogumaヌイコグマ,,50,759,45,50,50,normal,fighting,6.8,7,0
Bewear,,,,,,,,,,,,,,,,,,,,,,,,,,,,,Kiterugumaキテルグマ,,50,760,55,60,60,normal,fighting,135,7,0
Bounsweet,,,,,,,,,,,,,,,,,,,,,,,,,,,,,Amakajiアマカジ,,0,761,30,38,32,grass,,3.2,7,0
Steenee,,,,,,,,,,,,,,,,,,,,,,,,,,,,,Amamaikoアママイコ,,0,762,40,48,62,grass,,8.2,7,0
Tsareena,,,,,,,,,,,,,,,,,,,,,,,,,,,,,Amajoアマージョ,,0,763,50,98,72,grass,,21.4,7,0
Comfey,,,,,,,,,,,,,,,,,,,,,,,,,,,,,Cuwawaキュワワー,,24.6,764,82,110,100,fairy,,0.3,7,0
Oranguru,,,,,,,,,,,,,,,,,,,,,,,,,,,,,Yareyuutanヤレユータン,,50,765,90,110,60,normal,psychic,76,7,0
Passimian,,,,,,,,,,,,,,,,,,,,,,,,,,,,,Nagetukesaruナゲツケサル,,50,766,40,60,80,fighting,,82.8,7,0
Wimpod,,,,,,,,,,,,,,,,,,,,,,,,,,,,,Kosokumushiコソクムシ,,50,767,20,30,80,bug,water,12,7,0
Golisopod,,,,,,,,,,,,,,,,,,,,,,,,,,,,,Gusokumushaグソクムシャ,,50,768,60,90,40,bug,water,108,7,0
Sandygast,,,,,,,,,,,,,,,,,,,,,,,,,,,,,Sunabaスナバァ,,50,769,70,45,15,ghost,ground,70,7,0
Palossand,,,,,,,,,,,,,,,,,,,,,,,,,,,,,Sirodethnaシロデスナ,,50,770,100,75,35,ghost,ground,250,7,0
Pyukumuku,,,,,,,,,,,,,,,,,,,,,,,,,,,,,Namakobushiナマコブシ,,50,771,30,130,5,water,,1.2,7,0
Type: Null,,,,,,,,,,,,,,,,,,,,,,,,,,,,,Type: Nullタイプ：ヌル,,,772,95,95,59,normal,,120.5,7,0
Silvally,,,,,,,,,,,,,,,,,,,,,,,,,,,,,Silvadyシルヴァディ,,,773,95,95,95,normal,,100.5,7,0
Minior,,,,,,,,,,,,,,,,,,,,,,,,,,,,,Metenoメテノ,,,774,100,60,120,rock,flying,40,7,0
Komala,,,,,,,,,,,,,,,,,,,,,,,,,,,,,Nekkoaraネッコアラ,,50,775,75,95,65,normal,,19.9,7,0
Turtonator,,,,,,,,,,,,,,,,,,,,,,,,,,,,,Bakugamesバクガメス,,50,776,91,85,36,fire,dragon,212,7,0
Togedemaru,,,,,,,,,,,,,,,,,,,,,,,,,,,,,Togedemaruトゲデマル,,50,777,40,73,96,electric,steel,3.3,7,0
Mimikyu,,,,,,,,,,,,,,,,,,,,,,,,,,,,,Mimikkyuミミッキュ,,50,778,50,105,96,ghost,fairy,0.7,7,0
Bruxish,,,,,,,,,,,,,,,,,,,,,,,,,,,,,Hagigishiriハギギシリ,,50,779,70,70,92,water,psychic,19,7,0
Drampa,,,,,,,,,,,,,,,,,,,,,,,,,,,,,Jijilongジジーロン,,50,780,135,91,36,normal,dragon,185,7,0
Dhelmise,,,,,,,,,,,,,,,,,,,,,,,,,,,,,Dadarinダダリン,,,781,86,90,40,ghost,grass,210,7,0
Jangmo-o,,,,,,,,,,,,,,,,,,,,,,,,,,,,,Jyarakoジャラコ,,50,782,45,45,45,dragon,,29.7,7,0
Hakamo-o,,,,,,,,,,,,,,,,,,,,,,,,,,,,,Jyarangoジャランゴ,,50,783,65,70,65,dragon,fighting,47,7,0
Kommo-o,,,,,,,,,,,,,,,,,,,,,,,,,,,,,Jyararangaジャラランガ,,50,784,100,105,85,dragon,fighting,78.2,7,0
Tapu Koko,,,,,,,,,,,,,,,,,,,,,,,,,,,,,Kapu-kokekoカプ・コケコ,,,785,95,75,130,electric,fairy,20.5,7,1
Tapu Lele,,,,,,,,,,,,,,,,,,,,,,,,,,,,,Kapu-tetefuカプ・テテフ,,,786,130,115,95,psychic,fairy,18.6,7,1
Tapu Bulu,,,,,,,,,,,,,,,,,,,,,,,,,,,,,Kapu-bululカプ・ブルル,,,787,85,95,75,grass,fairy,45.5,7,1
Tapu Fini,,,,,,,,,,,,,,,,,,,,,,,,,,,,,Kapu-rehireカプ・レヒレ,,,788,95,130,85,water,fairy,21.2,7,1
Cosmog,,,,,,,,,,,,,,,,,,,,,,,,,,,,,Cosmogコスモッグ,,,789,29,31,37,psychic,,0.1,7,1
Cosmoem,,,,,,,,,,,,,,,,,,,,,,,,,,,,,Cosmovumコスモウム,,,790,29,131,37,psychic,,999.9,7,1
Solgaleo,,,,,,,,,,,,,,,,,,,,,,,,,,,,,Solgaleoソルガレオ,,,791,113,89,97,psychic,steel,230,7,1
Lunala,,,,,,,,,,,,,,,,,,,,,,,,,,,,,Lunalaルナアーラ,,,792,137,107,97,psychic,ghost,120,7,1
Nihilego,,,,,,,,,,,,,,,,,,,,,,,,,,,,,Uturoidウツロイド,,,793,127,131,103,rock,poison,55.5,7,1
Buzzwole,,,,,,,,,,,,,,,,,,,,,,,,,,,,,Massivoonマッシブーン,,,794,53,53,79,bug,fighting,333.6,7,1
Pheromosa,,,,,,,,,,,,,,,,,,,,,,,,,,,,,Pheroacheフェローチェ,,,795,137,37,151,bug,fighting,25,7,1
Xurkitree,,,,,,,,,,,,,,,,,,,,,,,,,,,,,Denjyumokuデンジュモク,,,796,173,71,83,electric,,100,7,1
Celesteela,,,,,,,,,,,,,,,,,,,,,,,,,,,,,Tekkaguyaテッカグヤ,,,797,107,101,61,steel,flying,999.9,7,1
Kartana,,,,,,,,,,,,,,,,,,,,,,,,,,,,,Kamiturugiカミツルギ,,,798,59,31,109,grass,steel,0.1,7,1
Guzzlord,,,,,,,,,,,,,,,,,,,,,,,,,,,,,Akuzikingアクジキング,,,799,97,53,43,dark,dragon,888,7,1
Necrozma,,,,,,,,,,,,,,,,,,,,,,,,,,,,,Necrozmaネクロズマ,,,800,127,89,79,psychic,,230,7,1
Magearna,,,,,,,,,,,,,,,,,,,,,,,,,,,,,Magearnaマギアナ,,,801,130,115,65,steel,fairy,80.5,7,1
